﻿INSERT INTO `SysAutoView`(`ActionID`, `AutoViewName`, `DBTable`, `DBTableTree`, `DBTableKey`, `TreeViewID`, `TableUrl`, `TreeUrl`, `EditUrl`, `DeleteUrl`, `Page`, `DefaultToolbar`, `Height`, `Width`, `Loading`, `TotalRow`, `Limit`, `Limits`, `InitSort`, `TextEmpty`, `Multi`, `CreateUser`, `CreateDate`, `DataBase`) VALUES ('2020060517201620169295750c', '设备管理', 'SysDevice', '', 'DeviceId', '', 'AutoSmartData', 'AutoSmartData', 'AutoSmartData', 'AutoSmartData', 'true', 'filter,print,exports', 'full-2', '', 'true', 'false', '', '', '', '', '', '87b7d687-4e11-48a3-a0bf-15b53a196cb1', '2020-06-05 00:00:00', 0);
INSERT INTO `SysAutoView`(`ActionID`, `AutoViewName`, `DBTable`, `DBTableTree`, `DBTableKey`, `TreeViewID`, `TableUrl`, `TreeUrl`, `EditUrl`, `DeleteUrl`, `Page`, `DefaultToolbar`, `Height`, `Width`, `Loading`, `TotalRow`, `Limit`, `Limits`, `InitSort`, `TextEmpty`, `Multi`, `CreateUser`, `CreateDate`, `DataBase`) VALUES ('202006031711071170038f5c5', '编码管理', 'bm', '', 'bm', '', 'AutoSmartData', 'AutoSmartData', 'AutoSmartData', 'AutoSmartData', 'true', 'filter,print,exports', 'full-2', '', 'true', 'false', '', '', '', '', '', '87b7d687-4e11-48a3-a0bf-15b53a196cb1', '2020-06-03 00:00:00', 1);
INSERT INTO `SysAction`(`Id`, `ActionName`, `ActionUrl`, `Locked`, `Jurisdiction`, `ParentID`, `Short`, `Icon`, `Crux`, `ShowMenu`, `Mobile`) VALUES ('20200610180242242d764ff84', '产品追溯', '/Mobile/UserTraceBack', '1', '1', '202006101542234223c1c33790', 99, 'fa fa-cube', '2', '', 'Y');
INSERT INTO `SysAction`(`Id`, `ActionName`, `ActionUrl`, `Locked`, `Jurisdiction`, `ParentID`, `Short`, `Icon`, `Crux`, `ShowMenu`, `Mobile`) VALUES ('202006101542234223c1c33790', '生产应用', '', '1', '1', '', 10, '', '2', '', 'Y');
INSERT INTO `SysAction`(`Id`, `ActionName`, `ActionUrl`, `Locked`, `Jurisdiction`, `ParentID`, `Short`, `Icon`, `Crux`, `ShowMenu`, `Mobile`) VALUES ('202006101541424142eb4bc19f', '移动端报工', '/MobileAdmin/MobileWorkStation', '1', '1', '202006101542234223c1c33790', 10, 'fa fa-archive', '2', '', 'Y');
INSERT INTO `SysAction`(`Id`, `ActionName`, `ActionUrl`, `Locked`, `Jurisdiction`, `ParentID`, `Short`, `Icon`, `Crux`, `ShowMenu`, `Mobile`) VALUES ('20200605172059205903af853b', '设备管理', '/AutoView/Index?actionId=2020060517201620169295750c', '1', '1', '202005130851285128e6ee839d', 30, '', '2', '', 'N');
INSERT INTO `SysAction`(`Id`, `ActionName`, `ActionUrl`, `Locked`, `Jurisdiction`, `ParentID`, `Short`, `Icon`, `Crux`, `ShowMenu`, `Mobile`) VALUES ('2020060317133013302884cd00', '编码管理', '/AutoView/Index?actionId=202006031711071170038f5c5', '1', '1', '202005130851285128e6ee839d', 50, '', '2', '', 'N');
INSERT INTO `SysConfig`(`CfgId`, `CfgCode`, `CfgName`, `CfgValue`, `CfgDisValue`, `CfgDesc`, `CfgState`) VALUES ('202006081039383938ea8e0fed', 'GeneralStation', '普通工位PAD页面', '/PadAdmin/Index', '', '', 1);
INSERT INTO `SysConfig`(`CfgId`, `CfgCode`, `CfgName`, `CfgValue`, `CfgDisValue`, `CfgDesc`, `CfgState`) VALUES ('202006081042164216f8ced12f', 'QC', '质检PAD页面', '/PadAdmin/Quality', '', '', 1);
INSERT INTO `SysConfig`(`CfgId`, `CfgCode`, `CfgName`, `CfgValue`, `CfgDisValue`, `CfgDesc`, `CfgState`) VALUES ('2020060810435243522624b168', 'Warehouse', '仓库清点-PAD页面', '/PadAdmin/Storage', '', '', 1);
INSERT INTO `SysParameter`(`TempID`, `TempName`, `TempContext`, `TempType`, `CreateDate`, `CreateUser`, `DataBase`) VALUES ('20200605172623262316ac71ad', '设备类型', 'DeviceType', 'TEMP', '2020-06-05 00:00:00', '87b7d687-4e11-48a3-a0bf-15b53a196cb1', 0);
INSERT INTO `SysParameterTemp`(`TempID`, `GroupID`, `Name`, `Value`, `Parent`, `CreateDate`) VALUES ('202006051728312831a6d23839', 'DeviceType', '仓库', 'Warehouse', '', '2020-06-05 00:00:00');
INSERT INTO `SysParameterTemp`(`TempID`, `GroupID`, `Name`, `Value`, `Parent`, `CreateDate`) VALUES ('2020060517281128110271a1bd', 'DeviceType', '质检', 'QC', '', '2020-06-05 00:00:00');
INSERT INTO `SysParameterTemp`(`TempID`, `GroupID`, `Name`, `Value`, `Parent`, `CreateDate`) VALUES ('2020060517270527527f8b320', 'DeviceType', '普通工位', 'GeneralStation', '', '2020-06-05 00:00:00');
INSERT INTO `SysToolBar`(`ToolBarID`, `ActionID`, `ToolBarName`, `ToolType`, `Sort`, `Event`, `Class`) VALUES ('202006051731433143dc1a6ec6', '2020060517201620169295750c', '删除', 'Tool', 20, 'del', 'layui-btn layui-btn-danger layui-btn-xs');
INSERT INTO `SysToolBar`(`ToolBarID`, `ActionID`, `ToolBarName`, `ToolType`, `Sort`, `Event`, `Class`) VALUES ('202006051731193119137e8d9c', '2020060517201620169295750c', '修改', 'Tool', 10, 'edit', 'layui-btn layui-btn-danger layui-btn-xs');
INSERT INTO `SysToolBar`(`ToolBarID`, `ActionID`, `ToolBarName`, `ToolType`, `Sort`, `Event`, `Class`) VALUES ('202006051730523052f17a0ba8', '2020060517201620169295750c', '查询', 'ToolBar', 20, 'search', 'layui-btn layui-btn-sm');
INSERT INTO `SysToolBar`(`ToolBarID`, `ActionID`, `ToolBarName`, `ToolType`, `Sort`, `Event`, `Class`) VALUES ('202006051730163016c4c8fd70', '2020060517201620169295750c', '新增', 'ToolBar', 10, 'add', 'layui-btn layui-btn-sm');
INSERT INTO `SysToolBar`(`ToolBarID`, `ActionID`, `ToolBarName`, `ToolType`, `Sort`, `Event`, `Class`) VALUES ('2020060415225122515d484eed', '74dca350-dac1-4f1d-8d18-db5bbb76f9701', '生成页面数据', 'ToolBar', 30, 'colData', 'layui-btn layui-btn-normal layui-btn-sm');
INSERT INTO `SysToolBarFunction`(`ToolBarID`, `Function`, `CreateDate`, `CreateUser`) VALUES ('202006051730523052f17a0ba8', 'dynamicCondition.getInstance(\'complexInstance-json\').open();', '2020-06-05 00:00:00', '87b7d687-4e11-48a3-a0bf-15b53a196cb1');
INSERT INTO `SysToolBarFunction`(`ToolBarID`, `Function`, `CreateDate`, `CreateUser`) VALUES ('202006051731193119137e8d9c', 'edit(obj.data);', '2020-06-05 00:00:00', '87b7d687-4e11-48a3-a0bf-15b53a196cb1');
INSERT INTO `SysToolBarFunction`(`ToolBarID`, `Function`, `CreateDate`, `CreateUser`) VALUES ('202006051731433143dc1a6ec6', 'delData(obj.data);', '2020-06-05 00:00:00', '87b7d687-4e11-48a3-a0bf-15b53a196cb1');
INSERT INTO `SysToolBarFunction`(`ToolBarID`, `Function`, `CreateDate`, `CreateUser`) VALUES ('2020060415225122515d484eed', '$.post(\'/CostormApi/GeneratePageDdata\',{view:JSON.stringify(checkStatus)},function(data){\r\n\r\n},\'json\');', '2020-06-04 00:00:00', '87b7d687-4e11-48a3-a0bf-15b53a196cb1');
INSERT INTO `SysViewColunms`(`ViewColunmId`, `ActionID`, `Field`, `Title`, `Width`, `MinWidth`, `Sorting`, `ColType`, `Fixed`, `Hide`, `Sort`, `Unresize`, `TotalRow`, `Edit`, `ReadOnly`, `Event`, `Style`, `IsQuery`, `EditType`, `Required`, `Align`, `Templet`, `TempFormat`, `DefaultVal`) VALUES ('2020060517254925497dd63dfd', '2020060517201620169295750c', 'State', '状态', '', '', 80, 'normal', '', 'false', 'false', 'false', 'false', 'false', 2, '', '', 'true', 'select', 'required', '', '753cad76-4152-4698-81b2-351ec77ad8f10', '', '');
INSERT INTO `SysViewColunms`(`ViewColunmId`, `ActionID`, `Field`, `Title`, `Width`, `MinWidth`, `Sorting`, `ColType`, `Fixed`, `Hide`, `Sort`, `Unresize`, `TotalRow`, `Edit`, `ReadOnly`, `Event`, `Style`, `IsQuery`, `EditType`, `Required`, `Align`, `Templet`, `TempFormat`, `DefaultVal`) VALUES ('202006051725012515f68be08', '2020060517201620169295750c', 'Position', '职务', '', '', 70, 'normal', '', 'false', 'false', 'false', 'false', 'false', 2, '', '', 'true', 'text', '', '', '', '', '');
INSERT INTO `SysViewColunms`(`ViewColunmId`, `ActionID`, `Field`, `Title`, `Width`, `MinWidth`, `Sorting`, `ColType`, `Fixed`, `Hide`, `Sort`, `Unresize`, `TotalRow`, `Edit`, `ReadOnly`, `Event`, `Style`, `IsQuery`, `EditType`, `Required`, `Align`, `Templet`, `TempFormat`, `DefaultVal`) VALUES ('20200605172435243597a588fc', '2020060517201620169295750c', 'Team', '班组', '', '', 60, 'normal', '', 'false', 'false', 'false', 'false', 'false', 2, '', '', 'true', 'text', '', '', '', '', '');
INSERT INTO `SysViewColunms`(`ViewColunmId`, `ActionID`, `Field`, `Title`, `Width`, `MinWidth`, `Sorting`, `ColType`, `Fixed`, `Hide`, `Sort`, `Unresize`, `TotalRow`, `Edit`, `ReadOnly`, `Event`, `Style`, `IsQuery`, `EditType`, `Required`, `Align`, `Templet`, `TempFormat`, `DefaultVal`) VALUES ('202006051724162416d91e9d63', '2020060517201620169295750c', 'Department', '部门', '', '', 50, 'normal', '', 'false', 'false', 'false', 'false', 'false', 2, '', '', 'true', 'text', '', '', '', '', '');
INSERT INTO `SysViewColunms`(`ViewColunmId`, `ActionID`, `Field`, `Title`, `Width`, `MinWidth`, `Sorting`, `ColType`, `Fixed`, `Hide`, `Sort`, `Unresize`, `TotalRow`, `Edit`, `ReadOnly`, `Event`, `Style`, `IsQuery`, `EditType`, `Required`, `Align`, `Templet`, `TempFormat`, `DefaultVal`) VALUES ('202006051723482348d2c69292', '2020060517201620169295750c', 'Company', '公司', '', '', 40, 'normal', '', 'false', 'false', 'false', 'false', 'false', 2, '', '', 'true', 'text', '', '', '', '', '');
INSERT INTO `SysViewColunms`(`ViewColunmId`, `ActionID`, `Field`, `Title`, `Width`, `MinWidth`, `Sorting`, `ColType`, `Fixed`, `Hide`, `Sort`, `Unresize`, `TotalRow`, `Edit`, `ReadOnly`, `Event`, `Style`, `IsQuery`, `EditType`, `Required`, `Align`, `Templet`, `TempFormat`, `DefaultVal`) VALUES ('202006051723282328c13405a9', '2020060517201620169295750c', 'DeviceType', '设备类型', '', '', 30, 'normal', '', 'false', 'false', 'false', 'false', 'false', 2, '', '', 'true', 'select', '', '', '20200605172623262316ac71ad', '', '');
INSERT INTO `SysViewColunms`(`ViewColunmId`, `ActionID`, `Field`, `Title`, `Width`, `MinWidth`, `Sorting`, `ColType`, `Fixed`, `Hide`, `Sort`, `Unresize`, `TotalRow`, `Edit`, `ReadOnly`, `Event`, `Style`, `IsQuery`, `EditType`, `Required`, `Align`, `Templet`, `TempFormat`, `DefaultVal`) VALUES ('20200605172304234d1ca439a', '2020060517201620169295750c', 'DeviceName', '设备名称', '', '', 20, 'normal', '', 'false', 'false', 'false', 'false', 'false', 2, '', '', 'true', 'text', '', '', '', '', '');
INSERT INTO `SysViewColunms`(`ViewColunmId`, `ActionID`, `Field`, `Title`, `Width`, `MinWidth`, `Sorting`, `ColType`, `Fixed`, `Hide`, `Sort`, `Unresize`, `TotalRow`, `Edit`, `ReadOnly`, `Event`, `Style`, `IsQuery`, `EditType`, `Required`, `Align`, `Templet`, `TempFormat`, `DefaultVal`) VALUES ('202006051722242224ebefd63c', '2020060517201620169295750c', 'DeviceId', '设备编号', '', '', 10, 'normal', '', 'false', 'false', 'false', 'false', 'false', 1, '', '', 'true', 'text', '', '', '', '', '');
INSERT INTO `SysViewColunms`(`ViewColunmId`, `ActionID`, `Field`, `Title`, `Width`, `MinWidth`, `Sorting`, `ColType`, `Fixed`, `Hide`, `Sort`, `Unresize`, `TotalRow`, `Edit`, `ReadOnly`, `Event`, `Style`, `IsQuery`, `EditType`, `Required`, `Align`, `Templet`, `TempFormat`, `DefaultVal`) VALUES ('20200604152604264e25aa066', '74dca350-dac1-4f1d-8d18-db5bbb76f9701', 'check', '选择', '', '', 0, 'checkbox', '', 'false', 'false', 'false', 'false', 'false', 4, '', '', 'true', 'text', '', '', '', '', '');
INSERT INTO `SysViewColunms`(`ViewColunmId`, `ActionID`, `Field`, `Title`, `Width`, `MinWidth`, `Sorting`, `ColType`, `Fixed`, `Hide`, `Sort`, `Unresize`, `TotalRow`, `Edit`, `ReadOnly`, `Event`, `Style`, `IsQuery`, `EditType`, `Required`, `Align`, `Templet`, `TempFormat`, `DefaultVal`) VALUES ('2020060411463946397827b373', '202006031711071170038f5c5', 'xgr', '修改人', '', '', 140, 'normal', '', 'false', 'false', 'false', 'false', 'false', 2, '', '', 'true', 'text', '', '', '', '', '');
INSERT INTO `SysViewColunms`(`ViewColunmId`, `ActionID`, `Field`, `Title`, `Width`, `MinWidth`, `Sorting`, `ColType`, `Fixed`, `Hide`, `Sort`, `Unresize`, `TotalRow`, `Edit`, `ReadOnly`, `Event`, `Style`, `IsQuery`, `EditType`, `Required`, `Align`, `Templet`, `TempFormat`, `DefaultVal`) VALUES ('20200604114552455266cb9fd5', '202006031711071170038f5c5', 'zdr', '创建人', '', '', 130, 'normal', '', 'false', 'false', 'false', 'false', 'false', 2, '', '', 'true', 'text', '', '', '', '', '');
INSERT INTO `SysViewColunms`(`ViewColunmId`, `ActionID`, `Field`, `Title`, `Width`, `MinWidth`, `Sorting`, `ColType`, `Fixed`, `Hide`, `Sort`, `Unresize`, `TotalRow`, `Edit`, `ReadOnly`, `Event`, `Style`, `IsQuery`, `EditType`, `Required`, `Align`, `Templet`, `TempFormat`, `DefaultVal`) VALUES ('202006041145144514c2fd470a', '202006031711071170038f5c5', 'zfbz', '支付标志', '', '', 120, 'normal', '', 'false', 'false', 'false', 'false', 'false', 2, '', '', 'true', 'text', '', '', '', '', '');
INSERT INTO `SysViewColunms`(`ViewColunmId`, `ActionID`, `Field`, `Title`, `Width`, `MinWidth`, `Sorting`, `ColType`, `Fixed`, `Hide`, `Sort`, `Unresize`, `TotalRow`, `Edit`, `ReadOnly`, `Event`, `Style`, `IsQuery`, `EditType`, `Required`, `Align`, `Templet`, `TempFormat`, `DefaultVal`) VALUES ('202006041144154415bb21352d', '202006031711071170038f5c5', 'bz', '标志', '', '', 110, 'normal', '', 'false', 'false', 'false', 'false', 'false', 2, '', '', 'true', 'text', '', '', '', '', '');
INSERT INTO `SysViewColunms`(`ViewColunmId`, `ActionID`, `Field`, `Title`, `Width`, `MinWidth`, `Sorting`, `ColType`, `Fixed`, `Hide`, `Sort`, `Unresize`, `TotalRow`, `Edit`, `ReadOnly`, `Event`, `Style`, `IsQuery`, `EditType`, `Required`, `Align`, `Templet`, `TempFormat`, `DefaultVal`) VALUES ('202006041143414341918222f8', '202006031711071170038f5c5', 'dj', '单据', '', '', 100, 'normal', '', 'false', 'false', 'false', 'false', 'false', 2, '', '', 'true', 'text', '', '', '', '', '');
INSERT INTO `SysViewColunms`(`ViewColunmId`, `ActionID`, `Field`, `Title`, `Width`, `MinWidth`, `Sorting`, `ColType`, `Fixed`, `Hide`, `Sort`, `Unresize`, `TotalRow`, `Edit`, `ReadOnly`, `Event`, `Style`, `IsQuery`, `EditType`, `Required`, `Align`, `Templet`, `TempFormat`, `DefaultVal`) VALUES ('20200604114309439bca1d57e', '202006031711071170038f5c5', 'bl', '比例', '', '', 90, 'normal', '', 'false', 'false', 'false', 'false', 'false', 2, '', '', 'true', 'text', '', '', '', '', '');
INSERT INTO `SysViewColunms`(`ViewColunmId`, `ActionID`, `Field`, `Title`, `Width`, `MinWidth`, `Sorting`, `ColType`, `Fixed`, `Hide`, `Sort`, `Unresize`, `TotalRow`, `Edit`, `ReadOnly`, `Event`, `Style`, `IsQuery`, `EditType`, `Required`, `Align`, `Templet`, `TempFormat`, `DefaultVal`) VALUES ('202006041142344234f031d63f', '202006031711071170038f5c5', 'xs', '销售', '', '', 80, 'normal', '', 'false', 'false', 'false', 'false', 'false', 2, '', '', 'true', 'text', '', '', '', '', '');
INSERT INTO `SysViewColunms`(`ViewColunmId`, `ActionID`, `Field`, `Title`, `Width`, `MinWidth`, `Sorting`, `ColType`, `Fixed`, `Hide`, `Sort`, `Unresize`, `TotalRow`, `Edit`, `ReadOnly`, `Event`, `Style`, `IsQuery`, `EditType`, `Required`, `Align`, `Templet`, `TempFormat`, `DefaultVal`) VALUES ('202006041141414141eeb46e8c', '202006031711071170038f5c5', 'bmbm', '部门编码', '', '', 70, 'normal', '', 'false', 'false', 'false', 'false', 'false', 2, '', '', 'true', 'text', '', '', '', '', '');
INSERT INTO `SysViewColunms`(`ViewColunmId`, `ActionID`, `Field`, `Title`, `Width`, `MinWidth`, `Sorting`, `ColType`, `Fixed`, `Hide`, `Sort`, `Unresize`, `TotalRow`, `Edit`, `ReadOnly`, `Event`, `Style`, `IsQuery`, `EditType`, `Required`, `Align`, `Templet`, `TempFormat`, `DefaultVal`) VALUES ('20200604114101411f0ec19c0', '202006031711071170038f5c5', 'sx', '属性', '', '', 60, 'normal', '', 'false', 'false', 'false', 'false', 'false', 2, '', '', 'true', 'text', '', '', '', '', '');
INSERT INTO `SysViewColunms`(`ViewColunmId`, `ActionID`, `Field`, `Title`, `Width`, `MinWidth`, `Sorting`, `ColType`, `Fixed`, `Hide`, `Sort`, `Unresize`, `TotalRow`, `Edit`, `ReadOnly`, `Event`, `Style`, `IsQuery`, `EditType`, `Required`, `Align`, `Templet`, `TempFormat`, `DefaultVal`) VALUES ('20200604114018401893c19c7f', '202006031711071170038f5c5', 'sxh', '顺序号', '', '', 50, 'normal', '', 'false', 'false', 'false', 'false', 'false', 2, '', '', 'true', 'text', '', '', '', '', '');
INSERT INTO `SysViewColunms`(`ViewColunmId`, `ActionID`, `Field`, `Title`, `Width`, `MinWidth`, `Sorting`, `ColType`, `Fixed`, `Hide`, `Sort`, `Unresize`, `TotalRow`, `Edit`, `ReadOnly`, `Event`, `Style`, `IsQuery`, `EditType`, `Required`, `Align`, `Templet`, `TempFormat`, `DefaultVal`) VALUES ('202006041139333933bc4e0e9d', '202006031711071170038f5c5', 'ywmc', '英文名称', '', '', 40, 'normal', '', 'false', 'false', 'false', 'false', 'false', 2, '', '', 'true', 'text', '', '', '', '', '');
INSERT INTO `SysViewColunms`(`ViewColunmId`, `ActionID`, `Field`, `Title`, `Width`, `MinWidth`, `Sorting`, `ColType`, `Fixed`, `Hide`, `Sort`, `Unresize`, `TotalRow`, `Edit`, `ReadOnly`, `Event`, `Style`, `IsQuery`, `EditType`, `Required`, `Align`, `Templet`, `TempFormat`, `DefaultVal`) VALUES ('2020060411384438448884f4ea', '202006031711071170038f5c5', 'mc', '名称', '', '', 30, 'normal', '', 'false', 'false', 'false', 'false', 'false', 2, '', '', 'true', 'text', 'phone', '', '', '', '');
INSERT INTO `SysViewColunms`(`ViewColunmId`, `ActionID`, `Field`, `Title`, `Width`, `MinWidth`, `Sorting`, `ColType`, `Fixed`, `Hide`, `Sort`, `Unresize`, `TotalRow`, `Edit`, `ReadOnly`, `Event`, `Style`, `IsQuery`, `EditType`, `Required`, `Align`, `Templet`, `TempFormat`, `DefaultVal`) VALUES ('20200604113805385ac7ed36e', '202006031711071170038f5c5', 'bm', '编码', '', '', 20, 'normal', '', 'false', 'false', 'false', 'false', 'false', 2, '', '', 'true', 'text', 'required', '', '', '', '');
INSERT INTO `SysViewColunms`(`ViewColunmId`, `ActionID`, `Field`, `Title`, `Width`, `MinWidth`, `Sorting`, `ColType`, `Fixed`, `Hide`, `Sort`, `Unresize`, `TotalRow`, `Edit`, `ReadOnly`, `Event`, `Style`, `IsQuery`, `EditType`, `Required`, `Align`, `Templet`, `TempFormat`, `DefaultVal`) VALUES ('20200604113724372420952a85', '202006031711071170038f5c5', 'lx', '类型', '', '', 10, 'normal', '', 'false', 'false', 'false', 'false', 'false', 2, '', '', 'true', 'text', 'required', '', '', '', '');