﻿INSERT INTO `SysAutoView`(`ActionID`, `AutoViewName`, `DBTable`, `DBTableTree`, `DBTableKey`, `TreeViewID`, `TableUrl`, `TreeUrl`, `EditUrl`, `DeleteUrl`, `Page`, `DefaultToolbar`, `Height`, `Width`, `Loading`, `TotalRow`, `Limit`, `Limits`, `InitSort`, `TextEmpty`, `Multi`, `CreateUser`, `CreateDate`, `DataBase`) VALUES ('202007301628042843dda9add', '设备数采配置', 'EamdEquipmentSetting', '', 'Id', '', 'AutoSmartData', 'AutoSmartData', 'AutoSmartData', 'AutoSmartData', 'true', '', 'full-2', '', 'true', 'false', '', '', '', '', '', '87b7d687-4e11-48a3-a0bf-15b53a196cb1', '2020-07-30 00:00:00', 0);
INSERT INTO `SysAutoView`(`ActionID`, `AutoViewName`, `DBTable`, `DBTableTree`, `DBTableKey`, `TreeViewID`, `TableUrl`, `TreeUrl`, `EditUrl`, `DeleteUrl`, `Page`, `DefaultToolbar`, `Height`, `Width`, `Loading`, `TotalRow`, `Limit`, `Limits`, `InitSort`, `TextEmpty`, `Multi`, `CreateUser`, `CreateDate`, `DataBase`) VALUES ('202007301629142914f8ebd5f3', '设备运行数据', 'EamdEquipmentData', '', 'Id', '', 'AutoSmartData', 'AutoSmartData', 'AutoSmartData', 'AutoSmartData', 'true', '', 'full-2', '', 'true', 'false', '', '', '{field: \'CreateTime\' ,type: \'desc\'}', '', '', '87b7d687-4e11-48a3-a0bf-15b53a196cb1', '2020-07-30 00:00:00', 0);
INSERT INTO `SysAutoView`(`ActionID`, `AutoViewName`, `DBTable`, `DBTableTree`, `DBTableKey`, `TreeViewID`, `TableUrl`, `TreeUrl`, `EditUrl`, `DeleteUrl`, `Page`, `DefaultToolbar`, `Height`, `Width`, `Loading`, `TotalRow`, `Limit`, `Limits`, `InitSort`, `TextEmpty`, `Multi`, `CreateUser`, `CreateDate`, `DataBase`) VALUES ('2020072213295629566ee676c1', '设备运行信息', 'EamdRunTime', '', 'RunID', '', 'AutoSmartData', 'AutoSmartData', 'AutoSmartData', 'AutoSmartData', 'true', 'filter,print,exports', 'full-2', '', 'true', 'false', '', '', '', '', '', '87b7d687-4e11-48a3-a0bf-15b53a196cb1', '2020-07-22 00:00:00', 0);
INSERT INTO `SysAutoView`(`ActionID`, `AutoViewName`, `DBTable`, `DBTableTree`, `DBTableKey`, `TreeViewID`, `TableUrl`, `TreeUrl`, `EditUrl`, `DeleteUrl`, `Page`, `DefaultToolbar`, `Height`, `Width`, `Loading`, `TotalRow`, `Limit`, `Limits`, `InitSort`, `TextEmpty`, `Multi`, `CreateUser`, `CreateDate`, `DataBase`) VALUES ('202007130918411841ee9610cd', '设备管理', 'EamdEquipment', '', 'EquipmentId', '', 'AutoSmartData', 'AutoSmartData', 'AutoSmartData', 'AutoSmartData', 'true', 'filter,print,exports', 'full-2', '', 'true', 'false', '', '', '', '', '', '87b7d687-4e11-48a3-a0bf-15b53a196cb1', '2020-07-13 00:00:00', 0);
INSERT INTO `sysviewcolunms`(`ViewColunmId`, `ActionID`, `Field`, `Title`, `Width`, `MinWidth`, `Sorting`, `ColType`, `Fixed`, `Hide`, `Sort`, `Unresize`, `TotalRow`, `Edit`, `ReadOnly`, `Event`, `Style`, `IsQuery`, `EditType`, `Required`, `Align`, `Templet`, `TempFormat`, `DefaultVal`) VALUES ('00253438-27e8-4fb8-ae46-5dfc0f2636a9', '202007301628042843dda9add', 'EquipmenPort', '设备端口', '', '120', 30, 'normal', '', 'false', 'false', 'false', 'false', 'false', 2, '', '', 'false', 'text', '', '', '', '', '');
INSERT INTO `sysviewcolunms`(`ViewColunmId`, `ActionID`, `Field`, `Title`, `Width`, `MinWidth`, `Sorting`, `ColType`, `Fixed`, `Hide`, `Sort`, `Unresize`, `TotalRow`, `Edit`, `ReadOnly`, `Event`, `Style`, `IsQuery`, `EditType`, `Required`, `Align`, `Templet`, `TempFormat`, `DefaultVal`) VALUES ('020d7856-dba1-44c7-bcc7-2666209cc2cb', '2020072213295629566ee676c1', 'extend14', '扩展字段', '', '100', 340, 'normal', '', 'false', 'false', 'false', 'false', 'false', 2, '', '', 'false', 'text', '', '', '', '', '');
INSERT INTO `sysviewcolunms`(`ViewColunmId`, `ActionID`, `Field`, `Title`, `Width`, `MinWidth`, `Sorting`, `ColType`, `Fixed`, `Hide`, `Sort`, `Unresize`, `TotalRow`, `Edit`, `ReadOnly`, `Event`, `Style`, `IsQuery`, `EditType`, `Required`, `Align`, `Templet`, `TempFormat`, `DefaultVal`) VALUES ('064310f7-99e8-42cb-8c4d-f5f7b828e03e', '2020072213295629566ee676c1', 'extend19', '扩展字段', '', '100', 390, 'normal', '', 'false', 'false', 'false', 'false', 'false', 2, '', '', 'false', 'text', '', '', '', '', '');
INSERT INTO `sysviewcolunms`(`ViewColunmId`, `ActionID`, `Field`, `Title`, `Width`, `MinWidth`, `Sorting`, `ColType`, `Fixed`, `Hide`, `Sort`, `Unresize`, `TotalRow`, `Edit`, `ReadOnly`, `Event`, `Style`, `IsQuery`, `EditType`, `Required`, `Align`, `Templet`, `TempFormat`, `DefaultVal`) VALUES ('06d595bf-0151-475e-aa45-0b31a3e65984', '2020072213295629566ee676c1', 'extend16', '扩展字段', '', '100', 360, 'normal', '', 'false', 'false', 'false', 'false', 'false', 2, '', '', 'false', 'text', '', '', '', '', '');
INSERT INTO `sysviewcolunms`(`ViewColunmId`, `ActionID`, `Field`, `Title`, `Width`, `MinWidth`, `Sorting`, `ColType`, `Fixed`, `Hide`, `Sort`, `Unresize`, `TotalRow`, `Edit`, `ReadOnly`, `Event`, `Style`, `IsQuery`, `EditType`, `Required`, `Align`, `Templet`, `TempFormat`, `DefaultVal`) VALUES ('0989c8a4-524a-45e3-b42b-9b9720a08420', '202007301628042843dda9add', 'Velocity', '生产速率地址', '', '180', 70, 'normal', '', 'false', 'false', 'false', 'false', 'false', 2, '', '', 'false', 'text', '', '', '', '', '');
INSERT INTO `sysviewcolunms`(`ViewColunmId`, `ActionID`, `Field`, `Title`, `Width`, `MinWidth`, `Sorting`, `ColType`, `Fixed`, `Hide`, `Sort`, `Unresize`, `TotalRow`, `Edit`, `ReadOnly`, `Event`, `Style`, `IsQuery`, `EditType`, `Required`, `Align`, `Templet`, `TempFormat`, `DefaultVal`) VALUES ('0b4cd7e2-9275-4f4a-99fa-8e6e708eb110', '2020072213295629566ee676c1', 'Remark', '备注', '', '80', 90, 'normal', '', 'false', 'false', 'false', 'false', 'false', 2, '', '', 'false', 'text', '', '', '', '', '');
INSERT INTO `sysviewcolunms`(`ViewColunmId`, `ActionID`, `Field`, `Title`, `Width`, `MinWidth`, `Sorting`, `ColType`, `Fixed`, `Hide`, `Sort`, `Unresize`, `TotalRow`, `Edit`, `ReadOnly`, `Event`, `Style`, `IsQuery`, `EditType`, `Required`, `Align`, `Templet`, `TempFormat`, `DefaultVal`) VALUES ('0b7ff326-0326-4e28-9a96-767ccb361883', '2020072213295629566ee676c1', 'extend4', '扩展字段', '', '100', 240, 'normal', '', 'false', 'false', 'false', 'false', 'false', 2, '', '', 'false', 'text', '', '', '', '', '');
INSERT INTO `sysviewcolunms`(`ViewColunmId`, `ActionID`, `Field`, `Title`, `Width`, `MinWidth`, `Sorting`, `ColType`, `Fixed`, `Hide`, `Sort`, `Unresize`, `TotalRow`, `Edit`, `ReadOnly`, `Event`, `Style`, `IsQuery`, `EditType`, `Required`, `Align`, `Templet`, `TempFormat`, `DefaultVal`) VALUES ('0c56c77e-b292-4db6-8592-8d9d6925e6b3', '2020072213295629566ee676c1', 'extend11', '扩展字段', '', '100', 310, 'normal', '', 'false', 'false', 'false', 'false', 'false', 2, '', '', 'false', 'text', '', '', '', '', '');
INSERT INTO `sysviewcolunms`(`ViewColunmId`, `ActionID`, `Field`, `Title`, `Width`, `MinWidth`, `Sorting`, `ColType`, `Fixed`, `Hide`, `Sort`, `Unresize`, `TotalRow`, `Edit`, `ReadOnly`, `Event`, `Style`, `IsQuery`, `EditType`, `Required`, `Align`, `Templet`, `TempFormat`, `DefaultVal`) VALUES ('0d91d71e-ea90-4fe0-9c8e-06aa7aa83e3a', '2020072213295629566ee676c1', 'extend15', '扩展字段', '', '100', 350, 'normal', '', 'false', 'false', 'false', 'false', 'false', 2, '', '', 'false', 'text', '', '', '', '', '');
INSERT INTO `sysviewcolunms`(`ViewColunmId`, `ActionID`, `Field`, `Title`, `Width`, `MinWidth`, `Sorting`, `ColType`, `Fixed`, `Hide`, `Sort`, `Unresize`, `TotalRow`, `Edit`, `ReadOnly`, `Event`, `Style`, `IsQuery`, `EditType`, `Required`, `Align`, `Templet`, `TempFormat`, `DefaultVal`) VALUES ('1308fbcc-2193-4495-8495-e0ef40426242', '202007130918411841ee9610cd', 'EquipmentType', '设备类别', '', '100', 40, 'normal', '', 'false', 'false', 'false', 'false', 'false', 2, '', '', 'false', 'text', '', '', '', '', '');
INSERT INTO `sysviewcolunms`(`ViewColunmId`, `ActionID`, `Field`, `Title`, `Width`, `MinWidth`, `Sorting`, `ColType`, `Fixed`, `Hide`, `Sort`, `Unresize`, `TotalRow`, `Edit`, `ReadOnly`, `Event`, `Style`, `IsQuery`, `EditType`, `Required`, `Align`, `Templet`, `TempFormat`, `DefaultVal`) VALUES ('13efd6b4-4e91-42ee-9d53-225c581f27c4', '202007130918411841ee9610cd', 'ServiceLife', '使用寿命', '', '100', 90, 'normal', '', 'false', 'false', 'false', 'false', 'false', 2, '', '', 'false', 'text', '', '', '', '', '');
INSERT INTO `sysviewcolunms`(`ViewColunmId`, `ActionID`, `Field`, `Title`, `Width`, `MinWidth`, `Sorting`, `ColType`, `Fixed`, `Hide`, `Sort`, `Unresize`, `TotalRow`, `Edit`, `ReadOnly`, `Event`, `Style`, `IsQuery`, `EditType`, `Required`, `Align`, `Templet`, `TempFormat`, `DefaultVal`) VALUES ('144ae8f3-5427-413c-bae9-f0874088a5e5', '202007301628042843dda9add', 'extend11', '扩展字段', '', '120', 310, 'normal', '', 'false', 'false', 'false', 'false', 'false', 2, '', '', 'false', 'text', '', '', '', '', '');
INSERT INTO `sysviewcolunms`(`ViewColunmId`, `ActionID`, `Field`, `Title`, `Width`, `MinWidth`, `Sorting`, `ColType`, `Fixed`, `Hide`, `Sort`, `Unresize`, `TotalRow`, `Edit`, `ReadOnly`, `Event`, `Style`, `IsQuery`, `EditType`, `Required`, `Align`, `Templet`, `TempFormat`, `DefaultVal`) VALUES ('1e37dd38-3d9f-4082-afa7-8de1687afb0c', '202007301628042843dda9add', 'extend14', '扩展字段', '', '120', 340, 'normal', '', 'false', 'false', 'false', 'false', 'false', 2, '', '', 'false', 'text', '', '', '', '', '');
INSERT INTO `sysviewcolunms`(`ViewColunmId`, `ActionID`, `Field`, `Title`, `Width`, `MinWidth`, `Sorting`, `ColType`, `Fixed`, `Hide`, `Sort`, `Unresize`, `TotalRow`, `Edit`, `ReadOnly`, `Event`, `Style`, `IsQuery`, `EditType`, `Required`, `Align`, `Templet`, `TempFormat`, `DefaultVal`) VALUES ('1eafb65e-d5d4-4eec-be02-1ab80116791d', '2020072213295629566ee676c1', 'extend7', '扩展字段', '', '100', 270, 'normal', '', 'false', 'false', 'false', 'false', 'false', 2, '', '', 'false', 'text', '', '', '', '', '');
INSERT INTO `sysviewcolunms`(`ViewColunmId`, `ActionID`, `Field`, `Title`, `Width`, `MinWidth`, `Sorting`, `ColType`, `Fixed`, `Hide`, `Sort`, `Unresize`, `TotalRow`, `Edit`, `ReadOnly`, `Event`, `Style`, `IsQuery`, `EditType`, `Required`, `Align`, `Templet`, `TempFormat`, `DefaultVal`) VALUES ('1ffafd42-07c8-42ee-9d0a-7cbfc561c749', '202007130918411841ee9610cd', 'extend5', '扩展字段', '', '100', 350, 'normal', '', 'false', 'false', 'false', 'false', 'false', 2, '', '', 'false', 'text', '', '', '', '', '');
INSERT INTO `sysviewcolunms`(`ViewColunmId`, `ActionID`, `Field`, `Title`, `Width`, `MinWidth`, `Sorting`, `ColType`, `Fixed`, `Hide`, `Sort`, `Unresize`, `TotalRow`, `Edit`, `ReadOnly`, `Event`, `Style`, `IsQuery`, `EditType`, `Required`, `Align`, `Templet`, `TempFormat`, `DefaultVal`) VALUES ('202007301746374637ea3f93fb', '202007301629142914f8ebd5f3', 'check', '选择', '', '', 0, 'checkbox', '', 'false', 'false', 'false', 'false', 'false', 4, '', '', 'false', 'text', '', '', '', '', '');
INSERT INTO `sysviewcolunms`(`ViewColunmId`, `ActionID`, `Field`, `Title`, `Width`, `MinWidth`, `Sorting`, `ColType`, `Fixed`, `Hide`, `Sort`, `Unresize`, `TotalRow`, `Edit`, `ReadOnly`, `Event`, `Style`, `IsQuery`, `EditType`, `Required`, `Align`, `Templet`, `TempFormat`, `DefaultVal`) VALUES ('2048e5fb-8329-4ad4-b30c-6d5e6a484f28', '202007130918411841ee9610cd', 'RentalUnit', '租用单位', '', '100', 60, 'normal', '', 'false', 'false', 'false', 'false', 'false', 2, '', '', 'false', 'text', '', '', '', '', '');
INSERT INTO `sysviewcolunms`(`ViewColunmId`, `ActionID`, `Field`, `Title`, `Width`, `MinWidth`, `Sorting`, `ColType`, `Fixed`, `Hide`, `Sort`, `Unresize`, `TotalRow`, `Edit`, `ReadOnly`, `Event`, `Style`, `IsQuery`, `EditType`, `Required`, `Align`, `Templet`, `TempFormat`, `DefaultVal`) VALUES ('2063ba41-c499-485b-b7ae-54731da2a9e5', '2020072213295629566ee676c1', 'extend13', '扩展字段', '', '100', 330, 'normal', '', 'false', 'false', 'false', 'false', 'false', 2, '', '', 'false', 'text', '', '', '', '', '');
INSERT INTO `sysviewcolunms`(`ViewColunmId`, `ActionID`, `Field`, `Title`, `Width`, `MinWidth`, `Sorting`, `ColType`, `Fixed`, `Hide`, `Sort`, `Unresize`, `TotalRow`, `Edit`, `ReadOnly`, `Event`, `Style`, `IsQuery`, `EditType`, `Required`, `Align`, `Templet`, `TempFormat`, `DefaultVal`) VALUES ('22400a11-97f1-41ad-a79a-541839f5fc4c', '2020072213295629566ee676c1', 'extend2', '扩展字段', '', '100', 220, 'normal', '', 'false', 'false', 'false', 'false', 'false', 2, '', '', 'false', 'text', '', '', '', '', '');
INSERT INTO `sysviewcolunms`(`ViewColunmId`, `ActionID`, `Field`, `Title`, `Width`, `MinWidth`, `Sorting`, `ColType`, `Fixed`, `Hide`, `Sort`, `Unresize`, `TotalRow`, `Edit`, `ReadOnly`, `Event`, `Style`, `IsQuery`, `EditType`, `Required`, `Align`, `Templet`, `TempFormat`, `DefaultVal`) VALUES ('253b69e1-0795-4e53-bf1c-692e4ebddf56', '202007301628042843dda9add', 'extend8', '扩展字段', '', '120', 280, 'normal', '', 'false', 'false', 'false', 'false', 'false', 2, '', '', 'false', 'text', '', '', '', '', '');
INSERT INTO `sysviewcolunms`(`ViewColunmId`, `ActionID`, `Field`, `Title`, `Width`, `MinWidth`, `Sorting`, `ColType`, `Fixed`, `Hide`, `Sort`, `Unresize`, `TotalRow`, `Edit`, `ReadOnly`, `Event`, `Style`, `IsQuery`, `EditType`, `Required`, `Align`, `Templet`, `TempFormat`, `DefaultVal`) VALUES ('271adfa8-f20a-40f7-b99d-ba75bc7167a9', '202007130918411841ee9610cd', 'EquipmentName', '设备名称', '', '200', 10, 'normal', '', 'false', 'false', 'false', 'false', 'false', 2, '', '', 'false', 'text', '', '', '', '', '');
INSERT INTO `sysviewcolunms`(`ViewColunmId`, `ActionID`, `Field`, `Title`, `Width`, `MinWidth`, `Sorting`, `ColType`, `Fixed`, `Hide`, `Sort`, `Unresize`, `TotalRow`, `Edit`, `ReadOnly`, `Event`, `Style`, `IsQuery`, `EditType`, `Required`, `Align`, `Templet`, `TempFormat`, `DefaultVal`) VALUES ('320e35be-b4c9-4bbb-9bab-711b87a177d6', '2020072213295629566ee676c1', 'extend', '扩展字段', '', '100', 205, 'normal', '', 'false', 'false', 'false', 'false', 'false', 2, '', '', 'false', 'text', '', '', '', '', '');
INSERT INTO `sysviewcolunms`(`ViewColunmId`, `ActionID`, `Field`, `Title`, `Width`, `MinWidth`, `Sorting`, `ColType`, `Fixed`, `Hide`, `Sort`, `Unresize`, `TotalRow`, `Edit`, `ReadOnly`, `Event`, `Style`, `IsQuery`, `EditType`, `Required`, `Align`, `Templet`, `TempFormat`, `DefaultVal`) VALUES ('348f0bd2-9e08-430b-8351-761a62ef3ad0', '202007130918411841ee9610cd', 'extend7', '扩展字段', '', '100', 370, 'normal', '', 'false', 'false', 'false', 'false', 'false', 2, '', '', 'false', 'text', '', '', '', '', '');
INSERT INTO `sysviewcolunms`(`ViewColunmId`, `ActionID`, `Field`, `Title`, `Width`, `MinWidth`, `Sorting`, `ColType`, `Fixed`, `Hide`, `Sort`, `Unresize`, `TotalRow`, `Edit`, `ReadOnly`, `Event`, `Style`, `IsQuery`, `EditType`, `Required`, `Align`, `Templet`, `TempFormat`, `DefaultVal`) VALUES ('3515bcec-4aa9-40f0-9a56-4b5939987747', '202007301628042843dda9add', 'State', '状态', '', '80', 100, 'normal', '', 'false', 'false', 'false', 'false', 'false', 2, '', '', 'false', 'select', '', '', '753cad76-4152-4698-81b2-351ec77ad8f10', '', '');
INSERT INTO `sysviewcolunms`(`ViewColunmId`, `ActionID`, `Field`, `Title`, `Width`, `MinWidth`, `Sorting`, `ColType`, `Fixed`, `Hide`, `Sort`, `Unresize`, `TotalRow`, `Edit`, `ReadOnly`, `Event`, `Style`, `IsQuery`, `EditType`, `Required`, `Align`, `Templet`, `TempFormat`, `DefaultVal`) VALUES ('38dbc14a-68c8-4042-9122-3c0ad3b2b9ea', '202007301628042843dda9add', 'extend12', '扩展字段', '', '120', 320, 'normal', '', 'false', 'false', 'false', 'false', 'false', 2, '', '', 'false', 'text', '', '', '', '', '');
INSERT INTO `sysviewcolunms`(`ViewColunmId`, `ActionID`, `Field`, `Title`, `Width`, `MinWidth`, `Sorting`, `ColType`, `Fixed`, `Hide`, `Sort`, `Unresize`, `TotalRow`, `Edit`, `ReadOnly`, `Event`, `Style`, `IsQuery`, `EditType`, `Required`, `Align`, `Templet`, `TempFormat`, `DefaultVal`) VALUES ('3b2d974e-0e6c-4dce-8250-11bccd8b9e57', '2020072213295629566ee676c1', 'ShutdownTime', '关机时间', '', '100', 70, 'normal', '', 'false', 'false', 'false', 'false', 'false', 2, '', '', 'false', 'text', '', '', '', '', '');
INSERT INTO `sysviewcolunms`(`ViewColunmId`, `ActionID`, `Field`, `Title`, `Width`, `MinWidth`, `Sorting`, `ColType`, `Fixed`, `Hide`, `Sort`, `Unresize`, `TotalRow`, `Edit`, `ReadOnly`, `Event`, `Style`, `IsQuery`, `EditType`, `Required`, `Align`, `Templet`, `TempFormat`, `DefaultVal`) VALUES ('40fec57c-7422-49aa-96b1-9f0e8387c8ea', '202007301629142914f8ebd5f3', 'CreateTime', '创建时间', '', '120', 60, 'normal', '', 'false', 'true', 'false', 'false', 'false', 2, '', '', 'false', 'text', '', '', '', '', '');
INSERT INTO `sysviewcolunms`(`ViewColunmId`, `ActionID`, `Field`, `Title`, `Width`, `MinWidth`, `Sorting`, `ColType`, `Fixed`, `Hide`, `Sort`, `Unresize`, `TotalRow`, `Edit`, `ReadOnly`, `Event`, `Style`, `IsQuery`, `EditType`, `Required`, `Align`, `Templet`, `TempFormat`, `DefaultVal`) VALUES ('47307856-48a3-4764-b6f4-62bf25b98fb1', '202007130918411841ee9610cd', 'extend1', '扩展字段', '', '100', 310, 'normal', '', 'false', 'false', 'false', 'false', 'false', 2, '', '', 'false', 'text', '', '', '', '', '');
INSERT INTO `sysviewcolunms`(`ViewColunmId`, `ActionID`, `Field`, `Title`, `Width`, `MinWidth`, `Sorting`, `ColType`, `Fixed`, `Hide`, `Sort`, `Unresize`, `TotalRow`, `Edit`, `ReadOnly`, `Event`, `Style`, `IsQuery`, `EditType`, `Required`, `Align`, `Templet`, `TempFormat`, `DefaultVal`) VALUES ('47f61460-bbfc-440c-8314-6699a5c0e234', '2020072213295629566ee676c1', 'RunID', '流水ID', '', '100', 5, 'normal', '', 'true', 'false', 'false', 'false', 'false', 5, '', '', 'false', 'text', '', '', '', '', '');
INSERT INTO `sysviewcolunms`(`ViewColunmId`, `ActionID`, `Field`, `Title`, `Width`, `MinWidth`, `Sorting`, `ColType`, `Fixed`, `Hide`, `Sort`, `Unresize`, `TotalRow`, `Edit`, `ReadOnly`, `Event`, `Style`, `IsQuery`, `EditType`, `Required`, `Align`, `Templet`, `TempFormat`, `DefaultVal`) VALUES ('4c1ffab1-5f68-411d-aac7-1e3449bb7a04', '202007130918411841ee9610cd', 'extend8', '扩展字段', '', '100', 380, 'normal', '', 'false', 'false', 'false', 'false', 'false', 2, '', '', 'false', 'text', '', '', '', '', '');
INSERT INTO `sysviewcolunms`(`ViewColunmId`, `ActionID`, `Field`, `Title`, `Width`, `MinWidth`, `Sorting`, `ColType`, `Fixed`, `Hide`, `Sort`, `Unresize`, `TotalRow`, `Edit`, `ReadOnly`, `Event`, `Style`, `IsQuery`, `EditType`, `Required`, `Align`, `Templet`, `TempFormat`, `DefaultVal`) VALUES ('547b172f-35e1-4895-bed0-e0ae7cf607d0', '202007130918411841ee9610cd', 'extend3', '扩展字段', '', '100', 330, 'normal', '', 'false', 'false', 'false', 'false', 'false', 2, '', '', 'false', 'text', '', '', '', '', '');
INSERT INTO `sysviewcolunms`(`ViewColunmId`, `ActionID`, `Field`, `Title`, `Width`, `MinWidth`, `Sorting`, `ColType`, `Fixed`, `Hide`, `Sort`, `Unresize`, `TotalRow`, `Edit`, `ReadOnly`, `Event`, `Style`, `IsQuery`, `EditType`, `Required`, `Align`, `Templet`, `TempFormat`, `DefaultVal`) VALUES ('572f7b6a-e18e-424e-85fd-f309cac7e25d', '202007130918411841ee9610cd', 'BuyTime', '购买时间', '', '100', 100, 'normal', '', 'false', 'false', 'false', 'false', 'false', 2, '', '', 'false', 'text', '', '', '', '', '');
INSERT INTO `sysviewcolunms`(`ViewColunmId`, `ActionID`, `Field`, `Title`, `Width`, `MinWidth`, `Sorting`, `ColType`, `Fixed`, `Hide`, `Sort`, `Unresize`, `TotalRow`, `Edit`, `ReadOnly`, `Event`, `Style`, `IsQuery`, `EditType`, `Required`, `Align`, `Templet`, `TempFormat`, `DefaultVal`) VALUES ('578a82e4-ac49-4f1a-b59e-926b1c05b069', '202007130918411841ee9610cd', 'EquipmentCode', '设备编码', '', '120', 20, 'normal', '', 'false', 'false', 'false', 'false', 'false', 2, '', '', 'false', 'text', '', '', '', '', '');
INSERT INTO `sysviewcolunms`(`ViewColunmId`, `ActionID`, `Field`, `Title`, `Width`, `MinWidth`, `Sorting`, `ColType`, `Fixed`, `Hide`, `Sort`, `Unresize`, `TotalRow`, `Edit`, `ReadOnly`, `Event`, `Style`, `IsQuery`, `EditType`, `Required`, `Align`, `Templet`, `TempFormat`, `DefaultVal`) VALUES ('63f96e8b-256b-4189-92e0-6e5092b4bb9a', '2020072213295629566ee676c1', 'extend3', '扩展字段', '', '100', 230, 'normal', '', 'false', 'false', 'false', 'false', 'false', 2, '', '', 'false', 'text', '', '', '', '', '');
INSERT INTO `sysviewcolunms`(`ViewColunmId`, `ActionID`, `Field`, `Title`, `Width`, `MinWidth`, `Sorting`, `ColType`, `Fixed`, `Hide`, `Sort`, `Unresize`, `TotalRow`, `Edit`, `ReadOnly`, `Event`, `Style`, `IsQuery`, `EditType`, `Required`, `Align`, `Templet`, `TempFormat`, `DefaultVal`) VALUES ('64c2f419-e5f9-402a-8493-c78e12d2017e', '2020072213295629566ee676c1', 'EquipmenModel', '设备型号', '', '100', 30, 'normal', '', 'false', 'false', 'false', 'false', 'false', 2, '', '', 'false', 'text', '', '', '', '', '');
INSERT INTO `sysviewcolunms`(`ViewColunmId`, `ActionID`, `Field`, `Title`, `Width`, `MinWidth`, `Sorting`, `ColType`, `Fixed`, `Hide`, `Sort`, `Unresize`, `TotalRow`, `Edit`, `ReadOnly`, `Event`, `Style`, `IsQuery`, `EditType`, `Required`, `Align`, `Templet`, `TempFormat`, `DefaultVal`) VALUES ('650e8a5c-efca-4926-9cb4-ee872869f04c', '202007130918411841ee9610cd', 'LeadingCadre', '资产负责人', '', '125', 70, 'normal', '', 'false', 'false', 'false', 'false', 'false', 2, '', '', 'false', 'text', '', '', '', '', '');
INSERT INTO `sysviewcolunms`(`ViewColunmId`, `ActionID`, `Field`, `Title`, `Width`, `MinWidth`, `Sorting`, `ColType`, `Fixed`, `Hide`, `Sort`, `Unresize`, `TotalRow`, `Edit`, `ReadOnly`, `Event`, `Style`, `IsQuery`, `EditType`, `Required`, `Align`, `Templet`, `TempFormat`, `DefaultVal`) VALUES ('67dd80e9-e3d8-46ff-819a-a9f3cf46fb24', '202007130918411841ee9610cd', 'Manufacturer', '生产厂商', '', '100', 110, 'normal', '', 'false', 'false', 'false', 'false', 'false', 2, '', '', 'false', 'text', '', '', '', '', '');
INSERT INTO `sysviewcolunms`(`ViewColunmId`, `ActionID`, `Field`, `Title`, `Width`, `MinWidth`, `Sorting`, `ColType`, `Fixed`, `Hide`, `Sort`, `Unresize`, `TotalRow`, `Edit`, `ReadOnly`, `Event`, `Style`, `IsQuery`, `EditType`, `Required`, `Align`, `Templet`, `TempFormat`, `DefaultVal`) VALUES ('6fab7778-9a1e-468c-b4bb-1a80e7a1e067', '202007130918411841ee9610cd', 'State', '状态', '', '100', 140, 'normal', '', 'false', 'false', 'false', 'false', 'false', 2, '', '', 'true', 'select', '', '', '753cad76-4152-4698-81b2-351ec77ad8f10', '', '');
INSERT INTO `sysviewcolunms`(`ViewColunmId`, `ActionID`, `Field`, `Title`, `Width`, `MinWidth`, `Sorting`, `ColType`, `Fixed`, `Hide`, `Sort`, `Unresize`, `TotalRow`, `Edit`, `ReadOnly`, `Event`, `Style`, `IsQuery`, `EditType`, `Required`, `Align`, `Templet`, `TempFormat`, `DefaultVal`) VALUES ('70b3ba3e-6c81-48aa-b045-f7320631ed01', '202007130918411841ee9610cd', 'AcceptanceTime', '验收时间', '', '100', 120, 'normal', '', 'false', 'false', 'false', 'false', 'false', 2, '', '', 'false', 'text', '', '', '', '', '');
INSERT INTO `sysviewcolunms`(`ViewColunmId`, `ActionID`, `Field`, `Title`, `Width`, `MinWidth`, `Sorting`, `ColType`, `Fixed`, `Hide`, `Sort`, `Unresize`, `TotalRow`, `Edit`, `ReadOnly`, `Event`, `Style`, `IsQuery`, `EditType`, `Required`, `Align`, `Templet`, `TempFormat`, `DefaultVal`) VALUES ('71f822f9-d5c5-456d-b69d-2363d8f5d071', '202007301628042843dda9add', 'extend5', '扩展字段', '', '120', 255, 'normal', '', 'false', 'false', 'false', 'false', 'false', 2, '', '', 'false', 'text', '', '', '', '', '');
INSERT INTO `sysviewcolunms`(`ViewColunmId`, `ActionID`, `Field`, `Title`, `Width`, `MinWidth`, `Sorting`, `ColType`, `Fixed`, `Hide`, `Sort`, `Unresize`, `TotalRow`, `Edit`, `ReadOnly`, `Event`, `Style`, `IsQuery`, `EditType`, `Required`, `Align`, `Templet`, `TempFormat`, `DefaultVal`) VALUES ('7248d729-0594-4da4-84a4-cd9275e22986', '202007130918411841ee9610cd', 'extend6', '扩展字段', '', '100', 360, 'normal', '', 'false', 'false', 'false', 'false', 'false', 2, '', '', 'false', 'text', '', '', '', '', '');
INSERT INTO `sysviewcolunms`(`ViewColunmId`, `ActionID`, `Field`, `Title`, `Width`, `MinWidth`, `Sorting`, `ColType`, `Fixed`, `Hide`, `Sort`, `Unresize`, `TotalRow`, `Edit`, `ReadOnly`, `Event`, `Style`, `IsQuery`, `EditType`, `Required`, `Align`, `Templet`, `TempFormat`, `DefaultVal`) VALUES ('7645af6d-c2fa-4956-803e-fbb7aac33c10', '202007301628042843dda9add', 'extend17', '扩展字段', '', '120', 370, 'normal', '', 'false', 'false', 'false', 'false', 'false', 2, '', '', 'false', 'text', '', '', '', '', '');
INSERT INTO `sysviewcolunms`(`ViewColunmId`, `ActionID`, `Field`, `Title`, `Width`, `MinWidth`, `Sorting`, `ColType`, `Fixed`, `Hide`, `Sort`, `Unresize`, `TotalRow`, `Edit`, `ReadOnly`, `Event`, `Style`, `IsQuery`, `EditType`, `Required`, `Align`, `Templet`, `TempFormat`, `DefaultVal`) VALUES ('77c06291-8467-4fb4-9908-d7728f4aeeba', '202007301628042843dda9add', 'extend9', '扩展字段', '', '120', 290, 'normal', '', 'false', 'false', 'false', 'false', 'false', 2, '', '', 'false', 'text', '', '', '', '', '');
INSERT INTO `sysviewcolunms`(`ViewColunmId`, `ActionID`, `Field`, `Title`, `Width`, `MinWidth`, `Sorting`, `ColType`, `Fixed`, `Hide`, `Sort`, `Unresize`, `TotalRow`, `Edit`, `ReadOnly`, `Event`, `Style`, `IsQuery`, `EditType`, `Required`, `Align`, `Templet`, `TempFormat`, `DefaultVal`) VALUES ('7aa4c3dd-678a-4ffb-aeac-625161a09641', '202007130918411841ee9610cd', 'extend', '扩展字段', '', '100', 300, 'normal', '', 'false', 'false', 'false', 'false', 'false', 2, '', '', 'false', 'text', '', '', '', '', '');
INSERT INTO `sysviewcolunms`(`ViewColunmId`, `ActionID`, `Field`, `Title`, `Width`, `MinWidth`, `Sorting`, `ColType`, `Fixed`, `Hide`, `Sort`, `Unresize`, `TotalRow`, `Edit`, `ReadOnly`, `Event`, `Style`, `IsQuery`, `EditType`, `Required`, `Align`, `Templet`, `TempFormat`, `DefaultVal`) VALUES ('7b70c908-465e-4037-81f1-d68020c65c4b', '202007301628042843dda9add', 'Yield', '产量地址', '', '120', 80, 'normal', '', 'false', 'false', 'false', 'false', 'false', 2, '', '', 'false', 'text', '', '', '', '', '');
INSERT INTO `sysviewcolunms`(`ViewColunmId`, `ActionID`, `Field`, `Title`, `Width`, `MinWidth`, `Sorting`, `ColType`, `Fixed`, `Hide`, `Sort`, `Unresize`, `TotalRow`, `Edit`, `ReadOnly`, `Event`, `Style`, `IsQuery`, `EditType`, `Required`, `Align`, `Templet`, `TempFormat`, `DefaultVal`) VALUES ('804ded70-7408-486f-a173-072386f0dde6', '202007301628042843dda9add', 'extend18', '扩展字段', '', '120', 380, 'normal', '', 'false', 'false', 'false', 'false', 'false', 2, '', '', 'false', 'text', '', '', '', '', '');
INSERT INTO `sysviewcolunms`(`ViewColunmId`, `ActionID`, `Field`, `Title`, `Width`, `MinWidth`, `Sorting`, `ColType`, `Fixed`, `Hide`, `Sort`, `Unresize`, `TotalRow`, `Edit`, `ReadOnly`, `Event`, `Style`, `IsQuery`, `EditType`, `Required`, `Align`, `Templet`, `TempFormat`, `DefaultVal`) VALUES ('80e81d5b-0c8c-4869-a9ad-43e3871a15e6', '202007301628042843dda9add', 'DataAddress', '数据地址', '', '120', 60, 'normal', '', 'false', 'false', 'false', 'false', 'false', 2, '', '', 'false', 'text', '', '', '', '', '');
INSERT INTO `sysviewcolunms`(`ViewColunmId`, `ActionID`, `Field`, `Title`, `Width`, `MinWidth`, `Sorting`, `ColType`, `Fixed`, `Hide`, `Sort`, `Unresize`, `TotalRow`, `Edit`, `ReadOnly`, `Event`, `Style`, `IsQuery`, `EditType`, `Required`, `Align`, `Templet`, `TempFormat`, `DefaultVal`) VALUES ('86d491eb-35d6-4e6a-bad9-0d3c24d69430', '202007130918411841ee9610cd', 'extend4', '扩展字段', '', '100', 340, 'normal', '', 'false', 'false', 'false', 'false', 'false', 2, '', '', 'false', 'text', '', '', '', '', '');
INSERT INTO `sysviewcolunms`(`ViewColunmId`, `ActionID`, `Field`, `Title`, `Width`, `MinWidth`, `Sorting`, `ColType`, `Fixed`, `Hide`, `Sort`, `Unresize`, `TotalRow`, `Edit`, `ReadOnly`, `Event`, `Style`, `IsQuery`, `EditType`, `Required`, `Align`, `Templet`, `TempFormat`, `DefaultVal`) VALUES ('8f0b65f3-dc3a-4d9c-9b1a-d25198484804', '202007301628042843dda9add', 'extend13', '扩展字段', '', '120', 330, 'normal', '', 'false', 'false', 'false', 'false', 'false', 2, '', '', 'false', 'text', '', '', '', '', '');
INSERT INTO `sysviewcolunms`(`ViewColunmId`, `ActionID`, `Field`, `Title`, `Width`, `MinWidth`, `Sorting`, `ColType`, `Fixed`, `Hide`, `Sort`, `Unresize`, `TotalRow`, `Edit`, `ReadOnly`, `Event`, `Style`, `IsQuery`, `EditType`, `Required`, `Align`, `Templet`, `TempFormat`, `DefaultVal`) VALUES ('9064d531-f1c1-4385-890b-d51b07c98460', '202007130918411841ee9610cd', 'extend9', '扩展字段', '', '100', 390, 'normal', '', 'false', 'false', 'false', 'false', 'false', 2, '', '', 'false', 'text', '', '', '', '', '');
INSERT INTO `sysviewcolunms`(`ViewColunmId`, `ActionID`, `Field`, `Title`, `Width`, `MinWidth`, `Sorting`, `ColType`, `Fixed`, `Hide`, `Sort`, `Unresize`, `TotalRow`, `Edit`, `ReadOnly`, `Event`, `Style`, `IsQuery`, `EditType`, `Required`, `Align`, `Templet`, `TempFormat`, `DefaultVal`) VALUES ('950ec609-cb0a-4b87-b939-40733ef9efa3', '202007301628042843dda9add', 'Remark', '备注', '', '60', 110, 'normal', '', 'false', 'false', 'false', 'false', 'false', 2, '', '', 'false', 'text', '', '', '', '', '');
INSERT INTO `sysviewcolunms`(`ViewColunmId`, `ActionID`, `Field`, `Title`, `Width`, `MinWidth`, `Sorting`, `ColType`, `Fixed`, `Hide`, `Sort`, `Unresize`, `TotalRow`, `Edit`, `ReadOnly`, `Event`, `Style`, `IsQuery`, `EditType`, `Required`, `Align`, `Templet`, `TempFormat`, `DefaultVal`) VALUES ('9704bd66-00ee-49d6-8a3e-2c9b57767388', '202007301628042843dda9add', 'extend19', '扩展字段', '', '120', 390, 'normal', '', 'false', 'false', 'false', 'false', 'false', 2, '', '', 'false', 'text', '', '', '', '', '');
INSERT INTO `sysviewcolunms`(`ViewColunmId`, `ActionID`, `Field`, `Title`, `Width`, `MinWidth`, `Sorting`, `ColType`, `Fixed`, `Hide`, `Sort`, `Unresize`, `TotalRow`, `Edit`, `ReadOnly`, `Event`, `Style`, `IsQuery`, `EditType`, `Required`, `Align`, `Templet`, `TempFormat`, `DefaultVal`) VALUES ('97c01b1f-d5b2-4f09-b6fe-3f93380ed0fc', '202007130918411841ee9610cd', 'OrgAttrId', '所属组织', '', '100', 50, 'normal', '', 'false', 'false', 'false', 'false', 'false', 2, '', '', 'false', 'text', '', '', '', '', '');
INSERT INTO `sysviewcolunms`(`ViewColunmId`, `ActionID`, `Field`, `Title`, `Width`, `MinWidth`, `Sorting`, `ColType`, `Fixed`, `Hide`, `Sort`, `Unresize`, `TotalRow`, `Edit`, `ReadOnly`, `Event`, `Style`, `IsQuery`, `EditType`, `Required`, `Align`, `Templet`, `TempFormat`, `DefaultVal`) VALUES ('98b5bcf1-4837-40e1-873f-a0d390bd972e', '2020072213295629566ee676c1', 'StartupTime', '开机时间', '', '100', 70, 'normal', '', 'false', 'false', 'false', 'false', 'false', 2, '', '', 'false', 'text', '', '', '', '', '');
INSERT INTO `sysviewcolunms`(`ViewColunmId`, `ActionID`, `Field`, `Title`, `Width`, `MinWidth`, `Sorting`, `ColType`, `Fixed`, `Hide`, `Sort`, `Unresize`, `TotalRow`, `Edit`, `ReadOnly`, `Event`, `Style`, `IsQuery`, `EditType`, `Required`, `Align`, `Templet`, `TempFormat`, `DefaultVal`) VALUES ('9960f574-b466-4624-b9a8-ae5e48b19f7d', '202007301628042843dda9add', 'Qty', '良品数地址', '', '150', 80, 'normal', '', 'false', 'false', 'false', 'false', 'false', 2, '', '', 'false', 'text', '', '', '', '', '');
INSERT INTO `sysviewcolunms`(`ViewColunmId`, `ActionID`, `Field`, `Title`, `Width`, `MinWidth`, `Sorting`, `ColType`, `Fixed`, `Hide`, `Sort`, `Unresize`, `TotalRow`, `Edit`, `ReadOnly`, `Event`, `Style`, `IsQuery`, `EditType`, `Required`, `Align`, `Templet`, `TempFormat`, `DefaultVal`) VALUES ('9b2746f0-9dda-48d3-bbf9-dfc16e9047b6', '202007301628042843dda9add', 'extend', '扩展字段', '', '120', 200, 'normal', '', 'false', 'false', 'false', 'false', 'false', 2, '', '', 'false', 'text', '', '', '', '', '');
INSERT INTO `sysviewcolunms`(`ViewColunmId`, `ActionID`, `Field`, `Title`, `Width`, `MinWidth`, `Sorting`, `ColType`, `Fixed`, `Hide`, `Sort`, `Unresize`, `TotalRow`, `Edit`, `ReadOnly`, `Event`, `Style`, `IsQuery`, `EditType`, `Required`, `Align`, `Templet`, `TempFormat`, `DefaultVal`) VALUES ('9d32d031-6869-4629-87ac-635db3a4702d', '202007301628042843dda9add', 'extend1', '扩展字段', '', '120', 210, 'normal', '', 'false', 'false', 'false', 'false', 'false', 2, '', '', 'false', 'text', '', '', '', '', '');
INSERT INTO `sysviewcolunms`(`ViewColunmId`, `ActionID`, `Field`, `Title`, `Width`, `MinWidth`, `Sorting`, `ColType`, `Fixed`, `Hide`, `Sort`, `Unresize`, `TotalRow`, `Edit`, `ReadOnly`, `Event`, `Style`, `IsQuery`, `EditType`, `Required`, `Align`, `Templet`, `TempFormat`, `DefaultVal`) VALUES ('a14fd013-a78f-41b8-a128-a79a1d304142', '202007301628042843dda9add', 'DataType', '数据类型', '', '120', 50, 'normal', '', 'false', 'false', 'false', 'false', 'false', 2, '', '', 'false', 'select', '', '', '2020073016463446344a0cda1f', '', '');
INSERT INTO `sysviewcolunms`(`ViewColunmId`, `ActionID`, `Field`, `Title`, `Width`, `MinWidth`, `Sorting`, `ColType`, `Fixed`, `Hide`, `Sort`, `Unresize`, `TotalRow`, `Edit`, `ReadOnly`, `Event`, `Style`, `IsQuery`, `EditType`, `Required`, `Align`, `Templet`, `TempFormat`, `DefaultVal`) VALUES ('a2ffa84d-29dc-43df-abe0-29cbed7809ce', '202007301628042843dda9add', 'extend10', '扩展字段', '', '120', 300, 'normal', '', 'false', 'false', 'false', 'false', 'false', 2, '', '', 'false', 'text', '', '', '', '', '');
INSERT INTO `sysviewcolunms`(`ViewColunmId`, `ActionID`, `Field`, `Title`, `Width`, `MinWidth`, `Sorting`, `ColType`, `Fixed`, `Hide`, `Sort`, `Unresize`, `TotalRow`, `Edit`, `ReadOnly`, `Event`, `Style`, `IsQuery`, `EditType`, `Required`, `Align`, `Templet`, `TempFormat`, `DefaultVal`) VALUES ('a6c0df9c-d0e6-4dea-b5b6-f831045c9651', '2020072213295629566ee676c1', 'extend17', '扩展字段', '', '100', 370, 'normal', '', 'false', 'false', 'false', 'false', 'false', 2, '', '', 'false', 'text', '', '', '', '', '');
INSERT INTO `sysviewcolunms`(`ViewColunmId`, `ActionID`, `Field`, `Title`, `Width`, `MinWidth`, `Sorting`, `ColType`, `Fixed`, `Hide`, `Sort`, `Unresize`, `TotalRow`, `Edit`, `ReadOnly`, `Event`, `Style`, `IsQuery`, `EditType`, `Required`, `Align`, `Templet`, `TempFormat`, `DefaultVal`) VALUES ('ad5f821f-96fc-43f9-be2a-25c371516cc9', '202007130918411841ee9610cd', 'EquipmentId', '设备ID', '', '100', 5, 'normal', '', 'true', 'false', 'false', 'false', 'false', 5, '', '', 'false', 'text', '', '', '', '', '');
INSERT INTO `sysviewcolunms`(`ViewColunmId`, `ActionID`, `Field`, `Title`, `Width`, `MinWidth`, `Sorting`, `ColType`, `Fixed`, `Hide`, `Sort`, `Unresize`, `TotalRow`, `Edit`, `ReadOnly`, `Event`, `Style`, `IsQuery`, `EditType`, `Required`, `Align`, `Templet`, `TempFormat`, `DefaultVal`) VALUES ('b1209764-a342-430f-ab13-74023e431e1c', '2020072213295629566ee676c1', 'Yield', '产量', '', '80', 40, 'normal', '', 'false', 'false', 'false', 'false', 'false', 2, '', '', 'false', 'text', '', '', '', '', '');
INSERT INTO `sysviewcolunms`(`ViewColunmId`, `ActionID`, `Field`, `Title`, `Width`, `MinWidth`, `Sorting`, `ColType`, `Fixed`, `Hide`, `Sort`, `Unresize`, `TotalRow`, `Edit`, `ReadOnly`, `Event`, `Style`, `IsQuery`, `EditType`, `Required`, `Align`, `Templet`, `TempFormat`, `DefaultVal`) VALUES ('b2879582-bc94-4ce0-bd35-614e07642be6', '202007130918411841ee9610cd', 'Marking', '设备标记', '', '100', 130, 'normal', '', 'false', 'false', 'false', 'false', 'false', 2, '', '', 'false', 'text', '', '', '', '', '');
INSERT INTO `sysviewcolunms`(`ViewColunmId`, `ActionID`, `Field`, `Title`, `Width`, `MinWidth`, `Sorting`, `ColType`, `Fixed`, `Hide`, `Sort`, `Unresize`, `TotalRow`, `Edit`, `ReadOnly`, `Event`, `Style`, `IsQuery`, `EditType`, `Required`, `Align`, `Templet`, `TempFormat`, `DefaultVal`) VALUES ('b38b6df6-4275-4d29-ae75-db98f10f7a65', '202007130918411841ee9610cd', 'OriginalValue', '资产原值', '', '100', 160, 'normal', '', 'false', 'false', 'false', 'false', 'false', 2, '', '', 'false', 'text', '', '', '', '', '');
INSERT INTO `sysviewcolunms`(`ViewColunmId`, `ActionID`, `Field`, `Title`, `Width`, `MinWidth`, `Sorting`, `ColType`, `Fixed`, `Hide`, `Sort`, `Unresize`, `TotalRow`, `Edit`, `ReadOnly`, `Event`, `Style`, `IsQuery`, `EditType`, `Required`, `Align`, `Templet`, `TempFormat`, `DefaultVal`) VALUES ('b3d78fc1-6463-4aec-8178-8852c10961fc', '2020072213295629566ee676c1', 'RunTime', '运行时间', '', '120', 80, 'normal', '', 'false', 'false', 'false', 'false', 'false', 2, '', '', 'false', 'text', '', '', '', '', '');
INSERT INTO `sysviewcolunms`(`ViewColunmId`, `ActionID`, `Field`, `Title`, `Width`, `MinWidth`, `Sorting`, `ColType`, `Fixed`, `Hide`, `Sort`, `Unresize`, `TotalRow`, `Edit`, `ReadOnly`, `Event`, `Style`, `IsQuery`, `EditType`, `Required`, `Align`, `Templet`, `TempFormat`, `DefaultVal`) VALUES ('b80b7e79-b6af-4226-bf35-03c5aa13ecd3', '2020072213295629566ee676c1', 'extend18', '扩展字段', '', '100', 380, 'normal', '', 'false', 'false', 'false', 'false', 'false', 2, '', '', 'false', 'text', '', '', '', '', '');
INSERT INTO `sysviewcolunms`(`ViewColunmId`, `ActionID`, `Field`, `Title`, `Width`, `MinWidth`, `Sorting`, `ColType`, `Fixed`, `Hide`, `Sort`, `Unresize`, `TotalRow`, `Edit`, `ReadOnly`, `Event`, `Style`, `IsQuery`, `EditType`, `Required`, `Align`, `Templet`, `TempFormat`, `DefaultVal`) VALUES ('b980c7f8-ac6b-4a05-852d-7e22a0743614', '202007301629142914f8ebd5f3', 'SettingId', '设备配置ID', '', '180', 20, 'normal', '', 'false', 'false', 'false', 'false', 'false', 2, '', '', 'true', 'select', '', '', '20200731110534534831e4e22', '', '');
INSERT INTO `sysviewcolunms`(`ViewColunmId`, `ActionID`, `Field`, `Title`, `Width`, `MinWidth`, `Sorting`, `ColType`, `Fixed`, `Hide`, `Sort`, `Unresize`, `TotalRow`, `Edit`, `ReadOnly`, `Event`, `Style`, `IsQuery`, `EditType`, `Required`, `Align`, `Templet`, `TempFormat`, `DefaultVal`) VALUES ('bb648c0c-a337-45f5-b35b-1c549d6d0278', '202007130918411841ee9610cd', 'FixedAssetsNo', '固定资产编号', '', '150', 170, 'normal', '', 'false', 'false', 'false', 'false', 'false', 2, '', '', 'false', 'text', '', '', '', '', '');
INSERT INTO `sysviewcolunms`(`ViewColunmId`, `ActionID`, `Field`, `Title`, `Width`, `MinWidth`, `Sorting`, `ColType`, `Fixed`, `Hide`, `Sort`, `Unresize`, `TotalRow`, `Edit`, `ReadOnly`, `Event`, `Style`, `IsQuery`, `EditType`, `Required`, `Align`, `Templet`, `TempFormat`, `DefaultVal`) VALUES ('be8a0e92-a073-4f5c-87cc-d36f039e8c04', '202007130918411841ee9610cd', 'NetAssetValue', '资产净值', '', '100', 180, 'normal', '', 'false', 'false', 'false', 'false', 'false', 2, '', '', 'false', 'text', '', '', '', '', '');
INSERT INTO `sysviewcolunms`(`ViewColunmId`, `ActionID`, `Field`, `Title`, `Width`, `MinWidth`, `Sorting`, `ColType`, `Fixed`, `Hide`, `Sort`, `Unresize`, `TotalRow`, `Edit`, `ReadOnly`, `Event`, `Style`, `IsQuery`, `EditType`, `Required`, `Align`, `Templet`, `TempFormat`, `DefaultVal`) VALUES ('c0b68eab-d5e2-4978-aaa6-4ec75ef23178', '202007301628042843dda9add', 'extend16', '扩展字段', '', '120', 360, 'normal', '', 'false', 'false', 'false', 'false', 'false', 2, '', '', 'false', 'text', '', '', '', '', '');
INSERT INTO `sysviewcolunms`(`ViewColunmId`, `ActionID`, `Field`, `Title`, `Width`, `MinWidth`, `Sorting`, `ColType`, `Fixed`, `Hide`, `Sort`, `Unresize`, `TotalRow`, `Edit`, `ReadOnly`, `Event`, `Style`, `IsQuery`, `EditType`, `Required`, `Align`, `Templet`, `TempFormat`, `DefaultVal`) VALUES ('c0e9d628-92f3-408b-ad33-9b82aaa6fa0a', '202007130918411841ee9610cd', 'EquipmenModel', '设备型号', '', '100', 30, 'normal', '', 'false', 'false', 'false', 'false', 'false', 2, '', '', 'false', 'text', '', '', '', '', '');
INSERT INTO `sysviewcolunms`(`ViewColunmId`, `ActionID`, `Field`, `Title`, `Width`, `MinWidth`, `Sorting`, `ColType`, `Fixed`, `Hide`, `Sort`, `Unresize`, `TotalRow`, `Edit`, `ReadOnly`, `Event`, `Style`, `IsQuery`, `EditType`, `Required`, `Align`, `Templet`, `TempFormat`, `DefaultVal`) VALUES ('c36a1dd6-da8b-46bb-9a53-81d062f1e07d', '202007130918411841ee9610cd', 'EquipmenIp', '设备IP', '', '120', 55, 'normal', '', 'false', 'false', 'false', 'false', 'false', 2, '', '', 'false', 'text', '', '', '', '', '');
INSERT INTO `sysviewcolunms`(`ViewColunmId`, `ActionID`, `Field`, `Title`, `Width`, `MinWidth`, `Sorting`, `ColType`, `Fixed`, `Hide`, `Sort`, `Unresize`, `TotalRow`, `Edit`, `ReadOnly`, `Event`, `Style`, `IsQuery`, `EditType`, `Required`, `Align`, `Templet`, `TempFormat`, `DefaultVal`) VALUES ('c437ad60-9953-4761-b413-dd41b5c0e7f5', '202007301628042843dda9add', 'extend4', '扩展字段', '', '120', 240, 'normal', '', 'false', 'false', 'false', 'false', 'false', 2, '', '', 'false', 'text', '', '', '', '', '');
INSERT INTO `sysviewcolunms`(`ViewColunmId`, `ActionID`, `Field`, `Title`, `Width`, `MinWidth`, `Sorting`, `ColType`, `Fixed`, `Hide`, `Sort`, `Unresize`, `TotalRow`, `Edit`, `ReadOnly`, `Event`, `Style`, `IsQuery`, `EditType`, `Required`, `Align`, `Templet`, `TempFormat`, `DefaultVal`) VALUES ('c576e7c4-289e-41d8-b55f-9a6d50b9da8d', '202007301628042843dda9add', 'extend7', '扩展字段', '', '120', 270, 'normal', '', 'false', 'false', 'false', 'false', 'false', 2, '', '', 'false', 'text', '', '', '', '', '');
INSERT INTO `sysviewcolunms`(`ViewColunmId`, `ActionID`, `Field`, `Title`, `Width`, `MinWidth`, `Sorting`, `ColType`, `Fixed`, `Hide`, `Sort`, `Unresize`, `TotalRow`, `Edit`, `ReadOnly`, `Event`, `Style`, `IsQuery`, `EditType`, `Required`, `Align`, `Templet`, `TempFormat`, `DefaultVal`) VALUES ('c679351e-fe69-43e0-a8e0-38a7934e1eb8', '202007301629142914f8ebd5f3', 'DataValue', '数据值', '', '90', 40, 'normal', '', 'false', 'false', 'false', 'false', 'false', 2, '', '', 'false', 'text', '', '', '', '', '');
INSERT INTO `sysviewcolunms`(`ViewColunmId`, `ActionID`, `Field`, `Title`, `Width`, `MinWidth`, `Sorting`, `ColType`, `Fixed`, `Hide`, `Sort`, `Unresize`, `TotalRow`, `Edit`, `ReadOnly`, `Event`, `Style`, `IsQuery`, `EditType`, `Required`, `Align`, `Templet`, `TempFormat`, `DefaultVal`) VALUES ('c97b3694-6184-4196-a880-b0cff56d5d58', '202007130918411841ee9610cd', 'extend2', '扩展字段', '', '100', 320, 'normal', '', 'false', 'false', 'false', 'false', 'false', 2, '', '', 'false', 'text', '', '', '', '', '');
INSERT INTO `sysviewcolunms`(`ViewColunmId`, `ActionID`, `Field`, `Title`, `Width`, `MinWidth`, `Sorting`, `ColType`, `Fixed`, `Hide`, `Sort`, `Unresize`, `TotalRow`, `Edit`, `ReadOnly`, `Event`, `Style`, `IsQuery`, `EditType`, `Required`, `Align`, `Templet`, `TempFormat`, `DefaultVal`) VALUES ('c9fac81b-ae90-4e29-92bf-602f2f537785', '202007130918411841ee9610cd', 'Remark', '备注', '', '50', 290, 'normal', '', 'false', 'false', 'false', 'false', 'false', 2, '', '', 'false', 'text', '', '', '', '', '');
INSERT INTO `sysviewcolunms`(`ViewColunmId`, `ActionID`, `Field`, `Title`, `Width`, `MinWidth`, `Sorting`, `ColType`, `Fixed`, `Hide`, `Sort`, `Unresize`, `TotalRow`, `Edit`, `ReadOnly`, `Event`, `Style`, `IsQuery`, `EditType`, `Required`, `Align`, `Templet`, `TempFormat`, `DefaultVal`) VALUES ('cd81ced5-e46a-46ca-abfd-ae8aa0b0fb89', '202007301628042843dda9add', 'extend2', '扩展字段', '', '120', 220, 'normal', '', 'false', 'false', 'false', 'false', 'false', 2, '', '', 'false', 'text', '', '', '', '', '');
INSERT INTO `sysviewcolunms`(`ViewColunmId`, `ActionID`, `Field`, `Title`, `Width`, `MinWidth`, `Sorting`, `ColType`, `Fixed`, `Hide`, `Sort`, `Unresize`, `TotalRow`, `Edit`, `ReadOnly`, `Event`, `Style`, `IsQuery`, `EditType`, `Required`, `Align`, `Templet`, `TempFormat`, `DefaultVal`) VALUES ('ceb87911-23e3-4045-86d9-4b575bd0bdb2', '2020072213295629566ee676c1', 'extend12', '扩展字段', '', '100', 320, 'normal', '', 'false', 'false', 'false', 'false', 'false', 2, '', '', 'false', 'text', '', '', '', '', '');
INSERT INTO `sysviewcolunms`(`ViewColunmId`, `ActionID`, `Field`, `Title`, `Width`, `MinWidth`, `Sorting`, `ColType`, `Fixed`, `Hide`, `Sort`, `Unresize`, `TotalRow`, `Edit`, `ReadOnly`, `Event`, `Style`, `IsQuery`, `EditType`, `Required`, `Align`, `Templet`, `TempFormat`, `DefaultVal`) VALUES ('cebda351-2021-478b-ba81-71a4d6aa1a59', '202007301629142914f8ebd5f3', 'EquipmentId', '设备ID', '', '200', 15, 'normal', '', 'false', 'false', 'false', 'false', 'false', 2, '', '', 'true', 'text', '', '', '202007301651225122a187b1dd', '', '');
INSERT INTO `sysviewcolunms`(`ViewColunmId`, `ActionID`, `Field`, `Title`, `Width`, `MinWidth`, `Sorting`, `ColType`, `Fixed`, `Hide`, `Sort`, `Unresize`, `TotalRow`, `Edit`, `ReadOnly`, `Event`, `Style`, `IsQuery`, `EditType`, `Required`, `Align`, `Templet`, `TempFormat`, `DefaultVal`) VALUES ('cf3ec19c-ccb0-4a21-9471-36c200f1ff71', '202007301629142914f8ebd5f3', 'Id', '流水ID', '', '120', 10, 'normal', '', 'true', 'false', 'false', 'false', 'false', 2, '', '', 'false', 'text', '', '', '', '', '');
INSERT INTO `sysviewcolunms`(`ViewColunmId`, `ActionID`, `Field`, `Title`, `Width`, `MinWidth`, `Sorting`, `ColType`, `Fixed`, `Hide`, `Sort`, `Unresize`, `TotalRow`, `Edit`, `ReadOnly`, `Event`, `Style`, `IsQuery`, `EditType`, `Required`, `Align`, `Templet`, `TempFormat`, `DefaultVal`) VALUES ('d006d30f-0123-4c1a-bacc-4e1986774583', '2020072213295629566ee676c1', 'extend8', '扩展字段', '', '100', 280, 'normal', '', 'false', 'false', 'false', 'false', 'false', 2, '', '', 'false', 'text', '', '', '', '', '');
INSERT INTO `sysviewcolunms`(`ViewColunmId`, `ActionID`, `Field`, `Title`, `Width`, `MinWidth`, `Sorting`, `ColType`, `Fixed`, `Hide`, `Sort`, `Unresize`, `TotalRow`, `Edit`, `ReadOnly`, `Event`, `Style`, `IsQuery`, `EditType`, `Required`, `Align`, `Templet`, `TempFormat`, `DefaultVal`) VALUES ('d156226f-9e3f-41dd-9134-ea7926ecf0a7', '202007301628042843dda9add', 'EquipmentId', '设备ID', '', '200', 20, 'normal', '', 'false', 'false', 'false', 'false', 'false', 2, '', '', 'false', 'selectSerach', '', '', '202007301651225122a187b1dd', '', '');
INSERT INTO `sysviewcolunms`(`ViewColunmId`, `ActionID`, `Field`, `Title`, `Width`, `MinWidth`, `Sorting`, `ColType`, `Fixed`, `Hide`, `Sort`, `Unresize`, `TotalRow`, `Edit`, `ReadOnly`, `Event`, `Style`, `IsQuery`, `EditType`, `Required`, `Align`, `Templet`, `TempFormat`, `DefaultVal`) VALUES ('d609d63d-9646-499d-97cd-cbf9369e49b2', '202007301628042843dda9add', 'extend15', '扩展字段', '', '120', 350, 'normal', '', 'false', 'false', 'false', 'false', 'false', 2, '', '', 'false', 'text', '', '', '', '', '');
INSERT INTO `sysviewcolunms`(`ViewColunmId`, `ActionID`, `Field`, `Title`, `Width`, `MinWidth`, `Sorting`, `ColType`, `Fixed`, `Hide`, `Sort`, `Unresize`, `TotalRow`, `Edit`, `ReadOnly`, `Event`, `Style`, `IsQuery`, `EditType`, `Required`, `Align`, `Templet`, `TempFormat`, `DefaultVal`) VALUES ('d64605ab-37f8-4578-827a-8204904b1486', '202007301628042843dda9add', 'EquipmenSlave', '从站地址', '', '120', 25, 'normal', '', 'false', 'false', 'false', 'false', 'false', 2, '', '', 'false', 'text', '', '', '', '', '');
INSERT INTO `sysviewcolunms`(`ViewColunmId`, `ActionID`, `Field`, `Title`, `Width`, `MinWidth`, `Sorting`, `ColType`, `Fixed`, `Hide`, `Sort`, `Unresize`, `TotalRow`, `Edit`, `ReadOnly`, `Event`, `Style`, `IsQuery`, `EditType`, `Required`, `Align`, `Templet`, `TempFormat`, `DefaultVal`) VALUES ('d69fb107-c315-4cc7-80e7-da2d5646c1fc', '2020072213295629566ee676c1', 'Velocity', '生产速率', '', '100', 50, 'normal', '', 'false', 'false', 'false', 'false', 'false', 2, '', '', 'false', 'text', '', '', '', '', '');
INSERT INTO `sysviewcolunms`(`ViewColunmId`, `ActionID`, `Field`, `Title`, `Width`, `MinWidth`, `Sorting`, `ColType`, `Fixed`, `Hide`, `Sort`, `Unresize`, `TotalRow`, `Edit`, `ReadOnly`, `Event`, `Style`, `IsQuery`, `EditType`, `Required`, `Align`, `Templet`, `TempFormat`, `DefaultVal`) VALUES ('d8324b55-b742-4efe-b6d0-e885f8ac6cfe', '2020072213295629566ee676c1', 'EquipmentId', '设备ID', '', '200', 10, 'normal', '', 'false', 'false', 'false', 'false', 'false', 5, '', '', 'true', 'selectSerach', '', '', '202007301651225122a187b1dd', '', '');
INSERT INTO `sysviewcolunms`(`ViewColunmId`, `ActionID`, `Field`, `Title`, `Width`, `MinWidth`, `Sorting`, `ColType`, `Fixed`, `Hide`, `Sort`, `Unresize`, `TotalRow`, `Edit`, `ReadOnly`, `Event`, `Style`, `IsQuery`, `EditType`, `Required`, `Align`, `Templet`, `TempFormat`, `DefaultVal`) VALUES ('d91c296f-b7b1-4617-a587-e176d60b0f7a', '2020072213295629566ee676c1', 'extend10', '扩展字段', '', '100', 300, 'normal', '', 'false', 'false', 'false', 'false', 'false', 2, '', '', 'false', 'text', '', '', '', '', '');
INSERT INTO `sysviewcolunms`(`ViewColunmId`, `ActionID`, `Field`, `Title`, `Width`, `MinWidth`, `Sorting`, `ColType`, `Fixed`, `Hide`, `Sort`, `Unresize`, `TotalRow`, `Edit`, `ReadOnly`, `Event`, `Style`, `IsQuery`, `EditType`, `Required`, `Align`, `Templet`, `TempFormat`, `DefaultVal`) VALUES ('dbc24491-f42c-49d8-a9e4-64ea6c4449e6', '202007301629142914f8ebd5f3', 'DataAddress', '数据地址', '', '120', 30, 'normal', '', 'false', 'false', 'false', 'false', 'false', 2, '', '', 'true', 'text', '', '', '', '', '');
INSERT INTO `sysviewcolunms`(`ViewColunmId`, `ActionID`, `Field`, `Title`, `Width`, `MinWidth`, `Sorting`, `ColType`, `Fixed`, `Hide`, `Sort`, `Unresize`, `TotalRow`, `Edit`, `ReadOnly`, `Event`, `Style`, `IsQuery`, `EditType`, `Required`, `Align`, `Templet`, `TempFormat`, `DefaultVal`) VALUES ('dd84bb16-cfbe-44f0-b504-5fb4535fb34d', '202007301629142914f8ebd5f3', 'Remark', '备注', '', '60', 50, 'normal', '', 'false', 'false', 'false', 'false', 'false', 2, '', '', 'false', 'text', '', '', '', '', '');
INSERT INTO `sysviewcolunms`(`ViewColunmId`, `ActionID`, `Field`, `Title`, `Width`, `MinWidth`, `Sorting`, `ColType`, `Fixed`, `Hide`, `Sort`, `Unresize`, `TotalRow`, `Edit`, `ReadOnly`, `Event`, `Style`, `IsQuery`, `EditType`, `Required`, `Align`, `Templet`, `TempFormat`, `DefaultVal`) VALUES ('de477c4f-131f-4325-b534-2f987fe84cfa', '2020072213295629566ee676c1', 'extend1', '扩展字段', '', '100', 210, 'normal', '', 'false', 'false', 'false', 'false', 'false', 2, '', '', 'false', 'text', '', '', '', '', '');
INSERT INTO `sysviewcolunms`(`ViewColunmId`, `ActionID`, `Field`, `Title`, `Width`, `MinWidth`, `Sorting`, `ColType`, `Fixed`, `Hide`, `Sort`, `Unresize`, `TotalRow`, `Edit`, `ReadOnly`, `Event`, `Style`, `IsQuery`, `EditType`, `Required`, `Align`, `Templet`, `TempFormat`, `DefaultVal`) VALUES ('e16b5e9a-dfca-498a-8ac1-bdcaf8c60433', '202007301628042843dda9add', 'extend3', '扩展字段', '', '120', 230, 'normal', '', 'false', 'false', 'false', 'false', 'false', 2, '', '', 'false', 'text', '', '', '', '', '');
INSERT INTO `sysviewcolunms`(`ViewColunmId`, `ActionID`, `Field`, `Title`, `Width`, `MinWidth`, `Sorting`, `ColType`, `Fixed`, `Hide`, `Sort`, `Unresize`, `TotalRow`, `Edit`, `ReadOnly`, `Event`, `Style`, `IsQuery`, `EditType`, `Required`, `Align`, `Templet`, `TempFormat`, `DefaultVal`) VALUES ('e7fb4ec2-69c0-4455-88ec-f18a41f25f1f', '202007301628042843dda9add', 'Id', '设置ID', '', '120', 10, 'normal', '', 'false', 'false', 'false', 'false', 'false', 2, '', '', 'false', 'text', '', '', '', '', '');
INSERT INTO `sysviewcolunms`(`ViewColunmId`, `ActionID`, `Field`, `Title`, `Width`, `MinWidth`, `Sorting`, `ColType`, `Fixed`, `Hide`, `Sort`, `Unresize`, `TotalRow`, `Edit`, `ReadOnly`, `Event`, `Style`, `IsQuery`, `EditType`, `Required`, `Align`, `Templet`, `TempFormat`, `DefaultVal`) VALUES ('eadf0e6a-edaf-455c-b74a-e1a3c7488d83', '2020072213295629566ee676c1', 'extend6', '扩展字段', '', '100', 260, 'normal', '', 'false', 'false', 'false', 'false', 'false', 2, '', '', 'false', 'text', '', '', '', '', '');
INSERT INTO `sysviewcolunms`(`ViewColunmId`, `ActionID`, `Field`, `Title`, `Width`, `MinWidth`, `Sorting`, `ColType`, `Fixed`, `Hide`, `Sort`, `Unresize`, `TotalRow`, `Edit`, `ReadOnly`, `Event`, `Style`, `IsQuery`, `EditType`, `Required`, `Align`, `Templet`, `TempFormat`, `DefaultVal`) VALUES ('f05b2c22-eebf-40b6-920b-c8c310779af9', '2020072213295629566ee676c1', 'Qty', '良品数', '', '75', 60, 'normal', '', 'false', 'false', 'false', 'false', 'false', 2, '', '', 'false', 'text', '', '', '', '', '');
INSERT INTO `sysviewcolunms`(`ViewColunmId`, `ActionID`, `Field`, `Title`, `Width`, `MinWidth`, `Sorting`, `ColType`, `Fixed`, `Hide`, `Sort`, `Unresize`, `TotalRow`, `Edit`, `ReadOnly`, `Event`, `Style`, `IsQuery`, `EditType`, `Required`, `Align`, `Templet`, `TempFormat`, `DefaultVal`) VALUES ('f1c6694a-24e3-4c68-b1dc-ec48b23f34a8', '202007130918411841ee9610cd', 'Supplier', '供应商', '', '75', 150, 'normal', '', 'false', 'false', 'false', 'false', 'false', 2, '', '', 'false', 'text', '', '', '', '', '');
INSERT INTO `sysviewcolunms`(`ViewColunmId`, `ActionID`, `Field`, `Title`, `Width`, `MinWidth`, `Sorting`, `ColType`, `Fixed`, `Hide`, `Sort`, `Unresize`, `TotalRow`, `Edit`, `ReadOnly`, `Event`, `Style`, `IsQuery`, `EditType`, `Required`, `Align`, `Templet`, `TempFormat`, `DefaultVal`) VALUES ('f3aaac79-3c90-453f-b7c7-ddad84cf750e', '2020072213295629566ee676c1', 'extend5', '扩展字段', '', '100', 250, 'normal', '', 'false', 'false', 'false', 'false', 'false', 2, '', '', 'false', 'text', '', '', '', '', '');
INSERT INTO `sysviewcolunms`(`ViewColunmId`, `ActionID`, `Field`, `Title`, `Width`, `MinWidth`, `Sorting`, `ColType`, `Fixed`, `Hide`, `Sort`, `Unresize`, `TotalRow`, `Edit`, `ReadOnly`, `Event`, `Style`, `IsQuery`, `EditType`, `Required`, `Align`, `Templet`, `TempFormat`, `DefaultVal`) VALUES ('f6f183e4-1807-47e4-b86f-40bded57e773', '202007130918411841ee9610cd', 'Usage', '使用状况', '', '100', 80, 'normal', '', 'false', 'false', 'false', 'false', 'false', 2, '', '', 'false', 'text', '', '', '', '', '');
INSERT INTO `sysviewcolunms`(`ViewColunmId`, `ActionID`, `Field`, `Title`, `Width`, `MinWidth`, `Sorting`, `ColType`, `Fixed`, `Hide`, `Sort`, `Unresize`, `TotalRow`, `Edit`, `ReadOnly`, `Event`, `Style`, `IsQuery`, `EditType`, `Required`, `Align`, `Templet`, `TempFormat`, `DefaultVal`) VALUES ('f75f1777-0896-4392-9cae-221d3e211246', '2020072213295629566ee676c1', 'EquipmentName', '设备名称', '', '100', 20, 'normal', '', 'false', 'false', 'false', 'false', 'false', 2, '', '', 'false', 'text', '', '', '', '', '');
INSERT INTO `sysviewcolunms`(`ViewColunmId`, `ActionID`, `Field`, `Title`, `Width`, `MinWidth`, `Sorting`, `ColType`, `Fixed`, `Hide`, `Sort`, `Unresize`, `TotalRow`, `Edit`, `ReadOnly`, `Event`, `Style`, `IsQuery`, `EditType`, `Required`, `Align`, `Templet`, `TempFormat`, `DefaultVal`) VALUES ('f9313ec5-4282-4db5-afc4-e92bb3303436', '2020072213295629566ee676c1', 'extend9', '扩展字段', '', '100', 290, 'normal', '', 'false', 'false', 'false', 'false', 'false', 2, '', '', 'false', 'text', '', '', '', '', '');
INSERT INTO `sysviewcolunms`(`ViewColunmId`, `ActionID`, `Field`, `Title`, `Width`, `MinWidth`, `Sorting`, `ColType`, `Fixed`, `Hide`, `Sort`, `Unresize`, `TotalRow`, `Edit`, `ReadOnly`, `Event`, `Style`, `IsQuery`, `EditType`, `Required`, `Align`, `Templet`, `TempFormat`, `DefaultVal`) VALUES ('fbda98d2-a2bf-4b91-87ac-aa01c9fff3f1', '202007301628042843dda9add', 'extend6', '扩展字段', '', '120', 260, 'normal', '', 'false', 'false', 'false', 'false', 'false', 2, '', '', 'false', 'text', '', '', '', '', '');
INSERT INTO `systoolbar`(`ToolBarID`, `ActionID`, `ToolBarName`, `ToolType`, `Sort`, `Event`, `Class`) VALUES ('2020072315115911594ac551ed', '202007130918411841ee9610cd', '新增', 'ToolBar', 10, 'add', 'layui-btn layui-btn-sm');
INSERT INTO `systoolbar`(`ToolBarID`, `ActionID`, `ToolBarName`, `ToolType`, `Sort`, `Event`, `Class`) VALUES ('202007231511591159f63c9257', '202007130918411841ee9610cd', '查询', 'ToolBar', 0, 'serach', 'layui-btn layui-btn-sm');
INSERT INTO `systoolbar`(`ToolBarID`, `ActionID`, `ToolBarName`, `ToolType`, `Sort`, `Event`, `Class`) VALUES ('20200723151200120685dae64', '202007130918411841ee9610cd', '修改', 'Tool', -11, 'edit', 'layui-btn layui-btn-danger layui-btn-sm');
INSERT INTO `systoolbar`(`ToolBarID`, `ActionID`, `ToolBarName`, `ToolType`, `Sort`, `Event`, `Class`) VALUES ('20200723151200120a70264f6', '202007130918411841ee9610cd', '批量删除', 'ToolBar', 0, 'delArray', 'layui-btn layui-btn-danger layui-btn-sm');
INSERT INTO `systoolbar`(`ToolBarID`, `ActionID`, `ToolBarName`, `ToolType`, `Sort`, `Event`, `Class`) VALUES ('20200723151200120f849a9c0', '202007130918411841ee9610cd', '删除', 'Tool', 0, 'del', 'layui-btn layui-btn-danger layui-btn-sm');
INSERT INTO `systoolbar`(`ToolBarID`, `ActionID`, `ToolBarName`, `ToolType`, `Sort`, `Event`, `Class`) VALUES ('2020072315124112410acf8750', '2020072213295629566ee676c1', '查询', 'ToolBar', 0, 'serach', 'layui-btn layui-btn-sm');
INSERT INTO `systoolbar`(`ToolBarID`, `ActionID`, `ToolBarName`, `ToolType`, `Sort`, `Event`, `Class`) VALUES ('20200723151241124119274f9b', '2020072213295629566ee676c1', '删除', 'Tool', 0, 'del', 'layui-btn layui-btn-danger layui-btn-sm');
INSERT INTO `systoolbar`(`ToolBarID`, `ActionID`, `ToolBarName`, `ToolType`, `Sort`, `Event`, `Class`) VALUES ('2020072315124112414a99905e', '2020072213295629566ee676c1', '修改', 'Tool', 0, 'edit', 'layui-btn layui-btn-danger layui-btn-sm');
INSERT INTO `systoolbar`(`ToolBarID`, `ActionID`, `ToolBarName`, `ToolType`, `Sort`, `Event`, `Class`) VALUES ('20200723151241124184533d4a', '2020072213295629566ee676c1', '新增', 'ToolBar', 10, 'add', 'layui-btn layui-btn-sm');
INSERT INTO `systoolbar`(`ToolBarID`, `ActionID`, `ToolBarName`, `ToolType`, `Sort`, `Event`, `Class`) VALUES ('202007231512411241a0481f8d', '2020072213295629566ee676c1', '批量删除', 'ToolBar', 0, 'delArray', 'layui-btn layui-btn-danger layui-btn-sm');
INSERT INTO `systoolbar`(`ToolBarID`, `ActionID`, `ToolBarName`, `ToolType`, `Sort`, `Event`, `Class`) VALUES ('2020073016362536257fa81901', '202007301628042843dda9add', '新增', 'ToolBar', 10, 'add', 'layui-btn layui-btn-sm');
INSERT INTO `systoolbar`(`ToolBarID`, `ActionID`, `ToolBarName`, `ToolType`, `Sort`, `Event`, `Class`) VALUES ('20200730163626362634069f28', '202007301628042843dda9add', '删除', 'Tool', 10, 'del', 'layui-btn layui-btn-danger layui-btn-sm');
INSERT INTO `systoolbar`(`ToolBarID`, `ActionID`, `ToolBarName`, `ToolType`, `Sort`, `Event`, `Class`) VALUES ('2020073016362636264cedff1d', '202007301628042843dda9add', '查询', 'ToolBar', 0, 'serach', 'layui-btn layui-btn-sm');
INSERT INTO `systoolbar`(`ToolBarID`, `ActionID`, `ToolBarName`, `ToolType`, `Sort`, `Event`, `Class`) VALUES ('2020073016362636269d83c463', '202007301628042843dda9add', '批量删除', 'ToolBar', 20, 'delArray', 'layui-btn layui-btn-danger layui-btn-sm');
INSERT INTO `systoolbar`(`ToolBarID`, `ActionID`, `ToolBarName`, `ToolType`, `Sort`, `Event`, `Class`) VALUES ('202007301636263626c531a26e', '202007301628042843dda9add', '修改', 'Tool', 20, 'edit', 'layui-btn layui-btn-danger layui-btn-sm');
INSERT INTO `systoolbar`(`ToolBarID`, `ActionID`, `ToolBarName`, `ToolType`, `Sort`, `Event`, `Class`) VALUES ('202007301636263626da8b3a8c', '202007301629142914f8ebd5f3', '新增', 'ToolBar', 10, 'add', 'layui-btn layui-btn-sm');
INSERT INTO `systoolbar`(`ToolBarID`, `ActionID`, `ToolBarName`, `ToolType`, `Sort`, `Event`, `Class`) VALUES ('20200730163627362701e58f89', '202007301629142914f8ebd5f3', '查询', 'ToolBar', 0, 'serach', 'layui-btn layui-btn-sm');
INSERT INTO `systoolbar`(`ToolBarID`, `ActionID`, `ToolBarName`, `ToolType`, `Sort`, `Event`, `Class`) VALUES ('20200730163627362715602436', '202007301629142914f8ebd5f3', '修改', 'Tool', 20, 'edit', 'layui-btn layui-btn-danger layui-btn-sm');
INSERT INTO `systoolbar`(`ToolBarID`, `ActionID`, `ToolBarName`, `ToolType`, `Sort`, `Event`, `Class`) VALUES ('202007301636273627b579b410', '202007301629142914f8ebd5f3', '批量删除', 'ToolBar', 20, 'delArray', 'layui-btn layui-btn-danger layui-btn-sm');
INSERT INTO `systoolbar`(`ToolBarID`, `ActionID`, `ToolBarName`, `ToolType`, `Sort`, `Event`, `Class`) VALUES ('202007301636273627ceb95fdd', '202007301629142914f8ebd5f3', '删除', 'Tool', 10, 'del', 'layui-btn layui-btn-danger layui-btn-sm');
INSERT INTO `systoolbarfunction`(`ToolBarID`, `Function`, `CreateDate`, `CreateUser`) VALUES ('2020072315115911594ac551ed', 'layer.open({       title: \'    \',       type: 1,       shift: 1,       resize:false,   offset: \'r\',area: [document.body.offsetWidth > 700 ? \'600px\' : \'100%\', \'100%\'],        zIndex: 900,        content: $(\'#form_edit\'),        cancel: function (index, layero) {                    $(\':reset\').click();                    $(\'#form_edit\').css(\'display\', \'none\'); }});', '2020-07-23 15:12:00', '87b7d687-4e11-48a3-a0bf-15b53a196cb1');
INSERT INTO `systoolbarfunction`(`ToolBarID`, `Function`, `CreateDate`, `CreateUser`) VALUES ('202007231511591159f63c9257', 'dynamicCondition.getInstance(\'complexInstance-json\').open();', '2020-07-23 15:12:00', '87b7d687-4e11-48a3-a0bf-15b53a196cb1');
INSERT INTO `systoolbarfunction`(`ToolBarID`, `Function`, `CreateDate`, `CreateUser`) VALUES ('20200723151200120685dae64', 'edit(obj.data);', '2020-07-23 15:12:00', '87b7d687-4e11-48a3-a0bf-15b53a196cb1');
INSERT INTO `systoolbarfunction`(`ToolBarID`, `Function`, `CreateDate`, `CreateUser`) VALUES ('20200723151200120a70264f6', 'delData(checkStatus,true);', '2020-07-23 15:12:00', '87b7d687-4e11-48a3-a0bf-15b53a196cb1');
INSERT INTO `systoolbarfunction`(`ToolBarID`, `Function`, `CreateDate`, `CreateUser`) VALUES ('20200723151200120f849a9c0', 'delData(obj.data);', '2020-07-23 15:12:00', '87b7d687-4e11-48a3-a0bf-15b53a196cb1');
INSERT INTO `systoolbarfunction`(`ToolBarID`, `Function`, `CreateDate`, `CreateUser`) VALUES ('2020072315124112410acf8750', 'dynamicCondition.getInstance(\'complexInstance-json\').open();', '2020-07-23 15:12:41', '87b7d687-4e11-48a3-a0bf-15b53a196cb1');
INSERT INTO `systoolbarfunction`(`ToolBarID`, `Function`, `CreateDate`, `CreateUser`) VALUES ('20200723151241124119274f9b', 'delData(obj.data);', '2020-07-23 15:12:42', '87b7d687-4e11-48a3-a0bf-15b53a196cb1');
INSERT INTO `systoolbarfunction`(`ToolBarID`, `Function`, `CreateDate`, `CreateUser`) VALUES ('2020072315124112414a99905e', 'edit(obj.data);', '2020-07-23 15:12:42', '87b7d687-4e11-48a3-a0bf-15b53a196cb1');
INSERT INTO `systoolbarfunction`(`ToolBarID`, `Function`, `CreateDate`, `CreateUser`) VALUES ('20200723151241124184533d4a', 'layer.open({       title: \'    \',       type: 1,       shift: 1,       resize:false,   offset: \'r\',area: [document.body.offsetWidth > 700 ? \'600px\' : \'100%\', \'100%\'],        zIndex: 900,        content: $(\'#form_edit\'),        cancel: function (index, layero) {                    $(\':reset\').click();                    $(\'#form_edit\').css(\'display\', \'none\'); }});', '2020-07-23 15:12:41', '87b7d687-4e11-48a3-a0bf-15b53a196cb1');
INSERT INTO `systoolbarfunction`(`ToolBarID`, `Function`, `CreateDate`, `CreateUser`) VALUES ('202007231512411241a0481f8d', 'delData(checkStatus,true);', '2020-07-23 15:12:42', '87b7d687-4e11-48a3-a0bf-15b53a196cb1');
INSERT INTO `systoolbarfunction`(`ToolBarID`, `Function`, `CreateDate`, `CreateUser`) VALUES ('2020073016362536257fa81901', 'layer.open({       title: \'    \',       type: 1,       shift: 1,       resize:false,   offset: \'r\',area: [document.body.offsetWidth > 700 ? \'600px\' : \'100%\', \'100%\'],        zIndex: 900,        content: $(\'#form_edit\'),        cancel: function (index, layero) {                    $(\':reset\').click();                    $(\'#form_edit\').css(\'display\', \'none\'); }});', '2020-07-30 16:36:26', '87b7d687-4e11-48a3-a0bf-15b53a196cb1');
INSERT INTO `systoolbarfunction`(`ToolBarID`, `Function`, `CreateDate`, `CreateUser`) VALUES ('20200730163626362634069f28', 'delData(obj.data);', '2020-07-30 16:36:27', '87b7d687-4e11-48a3-a0bf-15b53a196cb1');
INSERT INTO `systoolbarfunction`(`ToolBarID`, `Function`, `CreateDate`, `CreateUser`) VALUES ('2020073016362636264cedff1d', 'dynamicCondition.getInstance(\'complexInstance-json\').open();', '2020-07-30 16:36:26', '87b7d687-4e11-48a3-a0bf-15b53a196cb1');
INSERT INTO `systoolbarfunction`(`ToolBarID`, `Function`, `CreateDate`, `CreateUser`) VALUES ('2020073016362636269d83c463', 'delData(checkStatus,true);', '2020-07-30 16:36:26', '87b7d687-4e11-48a3-a0bf-15b53a196cb1');
INSERT INTO `systoolbarfunction`(`ToolBarID`, `Function`, `CreateDate`, `CreateUser`) VALUES ('202007301636263626c531a26e', 'edit(obj.data);', '2020-07-30 16:36:27', '87b7d687-4e11-48a3-a0bf-15b53a196cb1');
INSERT INTO `systoolbarfunction`(`ToolBarID`, `Function`, `CreateDate`, `CreateUser`) VALUES ('202007301636263626da8b3a8c', 'layer.open({       title: \'    \',       type: 1,       shift: 1,       resize:false,   offset: \'r\',area: [document.body.offsetWidth > 700 ? \'600px\' : \'100%\', \'100%\'],        zIndex: 900,        content: $(\'#form_edit\'),        cancel: function (index, layero) {                    $(\':reset\').click();                    $(\'#form_edit\').css(\'display\', \'none\'); }});', '2020-07-30 16:36:27', '87b7d687-4e11-48a3-a0bf-15b53a196cb1');
INSERT INTO `systoolbarfunction`(`ToolBarID`, `Function`, `CreateDate`, `CreateUser`) VALUES ('20200730163627362701e58f89', 'dynamicCondition.getInstance(\'complexInstance-json\').open();', '2020-07-30 16:36:27', '87b7d687-4e11-48a3-a0bf-15b53a196cb1');
INSERT INTO `systoolbarfunction`(`ToolBarID`, `Function`, `CreateDate`, `CreateUser`) VALUES ('20200730163627362715602436', 'edit(obj.data);', '2020-07-30 16:36:28', '87b7d687-4e11-48a3-a0bf-15b53a196cb1');
INSERT INTO `systoolbarfunction`(`ToolBarID`, `Function`, `CreateDate`, `CreateUser`) VALUES ('202007301636273627b579b410', 'delData(checkStatus,true);', '2020-07-30 16:36:27', '87b7d687-4e11-48a3-a0bf-15b53a196cb1');
INSERT INTO `systoolbarfunction`(`ToolBarID`, `Function`, `CreateDate`, `CreateUser`) VALUES ('202007301636273627ceb95fdd', 'delData(obj.data);', '2020-07-30 16:36:28', '87b7d687-4e11-48a3-a0bf-15b53a196cb1');
INSERT INTO `SysParameter`(`TempID`, `TempName`, `TempContext`, `TempType`, `CreateDate`, `CreateUser`, `DataBase`) VALUES ('20200731110534534831e4e22', '设备配置项', 'select id value,EquipmenPort name from EamdEquipmentSetting', 'SQL', '2020-07-31 00:00:00', '87b7d687-4e11-48a3-a0bf-15b53a196cb1', 0);
INSERT INTO `SysParameter`(`TempID`, `TempName`, `TempContext`, `TempType`, `CreateDate`, `CreateUser`, `DataBase`) VALUES ('2020073016463446344a0cda1f', '采集数据类型', 'DATATYPE', 'TEMP', '2020-07-30 00:00:00', '87b7d687-4e11-48a3-a0bf-15b53a196cb1', 0);
INSERT INTO `SysParameter`(`TempID`, `TempName`, `TempContext`, `TempType`, `CreateDate`, `CreateUser`, `DataBase`) VALUES ('202007301651225122a187b1dd', '设备列表', 'select EquipmentName name,EquipmentId value from EamdEquipment', 'SQL', '2020-07-30 00:00:00', '87b7d687-4e11-48a3-a0bf-15b53a196cb1', 0);
INSERT INTO `SysParameterTemp`(`TempID`, `GroupID`, `Name`, `Value`, `Parent`, `CreateDate`) VALUES ('2020073016480348357a521cf', 'DATATYPE', '线圈寄存器状态（do）', 'do', '', '2020-07-30 00:00:00');
INSERT INTO `SysParameterTemp`(`TempID`, `GroupID`, `Name`, `Value`, `Parent`, `CreateDate`) VALUES ('202007301648194819cc5a16c9', 'DATATYPE', '线圈寄存器状态（di）', 'di', '', '2020-07-30 00:00:00');
INSERT INTO `SysParameterTemp`(`TempID`, `GroupID`, `Name`, `Value`, `Parent`, `CreateDate`) VALUES ('2020073016491749177f10aa1c', 'DATATYPE', '保持寄存器（ao）', 'ao', '', '2020-07-30 00:00:00');
INSERT INTO `SysParameterTemp`(`TempID`, `GroupID`, `Name`, `Value`, `Parent`, `CreateDate`) VALUES ('2020073016493049304443942a', 'DATATYPE', '保持寄存器（ai）', 'ai', '', '2020-07-30 00:00:00');
INSERT INTO `SysAction`(`Id`, `ActionName`, `ActionUrl`, `Locked`, `Jurisdiction`, `ParentID`, `Short`, `Icon`, `Crux`, `ShowMenu`, `Mobile`) VALUES ('202007301631463146925833c8', '设备数采配置', '/AutoView/Index?actionId=202007301628042843dda9add', '1', '1', '20200722133612361281e7e20f', 50, '', '2', '', '');
INSERT INTO `SysAction`(`Id`, `ActionName`, `ActionUrl`, `Locked`, `Jurisdiction`, `ParentID`, `Short`, `Icon`, `Crux`, `ShowMenu`, `Mobile`) VALUES ('202007301631043140a70bb04', '设备运行数据', '/AutoView/Index?actionId=202007301629142914f8ebd5f3', '1', '1', '20200722133612361281e7e20f', 30, '', '2', '', '');
INSERT INTO `SysAction`(`Id`, `ActionName`, `ActionUrl`, `Locked`, `Jurisdiction`, `ParentID`, `Short`, `Icon`, `Crux`, `ShowMenu`, `Mobile`) VALUES ('2020072309283328331d2eed71', '员工报工', '/MobileAdmin/MobileWorkForUser', '1', '1', '202006101542234223c1c33790', 30, 'fa fa-archive', '2', '', 'Y');
INSERT INTO `SysAction`(`Id`, `ActionName`, `ActionUrl`, `Locked`, `Jurisdiction`, `ParentID`, `Short`, `Icon`, `Crux`, `ShowMenu`, `Mobile`) VALUES ('202007221337173717df2e15d7', '设备运行信息', '/AutoView/Index?actionId=2020072213295629566ee676c1', '1', '1', '20200722133612361281e7e20f', 20, '', '2', '', '');
INSERT INTO `SysAction`(`Id`, `ActionName`, `ActionUrl`, `Locked`, `Jurisdiction`, `ParentID`, `Short`, `Icon`, `Crux`, `ShowMenu`, `Mobile`) VALUES ('20200722133612361281e7e20f', '生产设备管理', '', '1', '1', '', 60, '', '1', '', '');
INSERT INTO `SysAction`(`Id`, `ActionName`, `ActionUrl`, `Locked`, `Jurisdiction`, `ParentID`, `Short`, `Icon`, `Crux`, `ShowMenu`, `Mobile`) VALUES ('202007130923592359948308b6', '设备管理', '/AutoView/Index?actionId=202007130918411841ee9610cd', '1', '1', '20200722133612361281e7e20f', 20, '', '2', '', 'N');
INSERT INTO `SysAction`(`Id`, `ActionName`, `ActionUrl`, `Locked`, `Jurisdiction`, `ParentID`, `Short`, `Icon`, `Crux`, `ShowMenu`, `Mobile`) VALUES ('20200710151936193619c3d303', '采购来料质检', '/MobileAdmin/MobileQc', '1', '1', '202006101542234223c1c33790', 40, 'fa fa-crosshairs', '2', '', 'Y');
INSERT INTO `SysAction`(`Id`, `ActionName`, `ActionUrl`, `Locked`, `Jurisdiction`, `ParentID`, `Short`, `Icon`, `Crux`, `ShowMenu`, `Mobile`) VALUES ('20200710151844184459953002', '采购来料清点', '/MobileAdmin/PurchasingReceiving', '1', '1', '202006101542234223c1c33790', 30, 'fa fa-list-ol', '2', '', 'Y');
INSERT INTO `SysAction`(`Id`, `ActionName`, `ActionUrl`, `Locked`, `Jurisdiction`, `ParentID`, `Short`, `Icon`, `Crux`, `ShowMenu`, `Mobile`) VALUES ('202007100929242924e8256905', '品质分析', '/MobileReport/QualityAnalysis', '1', '1', '202004241049414941180d4642', 70, 'fa fa-line-chart', '2', '', 'Y');
INSERT INTO `SysAction`(`Id`, `ActionName`, `ActionUrl`, `Locked`, `Jurisdiction`, `ParentID`, `Short`, `Icon`, `Crux`, `ShowMenu`, `Mobile`) VALUES ('202007100927212721b772bd1c', '生产效率查看', '/MobileReport/ProductionEfficiency', '1', '1', '202004241049414941180d4642', 70, 'fa fa-building', '2', '', 'Y');
INSERT INTO `SysAction`(`Id`, `ActionName`, `ActionUrl`, `Locked`, `Jurisdiction`, `ParentID`, `Short`, `Icon`, `Crux`, `ShowMenu`, `Mobile`) VALUES ('202007100922582258666da2b4', '发货及时率', '/MobileReport/TimelyDelivery', '1', '1', '202004241049414941180d4642', 60, 'fa fa-truck', '2', '', 'Y');
INSERT INTO `SysAction`(`Id`, `ActionName`, `ActionUrl`, `Locked`, `Jurisdiction`, `ParentID`, `Short`, `Icon`, `Crux`, `ShowMenu`, `Mobile`) VALUES ('2020071009211621161a473e6a', '采购及时率', '/MobileReport/PurchasingTimeliness', '1', '1', '202004241049414941180d4642', 50, 'fa fa-shopping-cart', '2', '', 'Y');
INSERT INTO `SysAction`(`Id`, `ActionName`, `ActionUrl`, `Locked`, `Jurisdiction`, `ParentID`, `Short`, `Icon`, `Crux`, `ShowMenu`, `Mobile`) VALUES ('20200710091809189ea39dc24', '供方评价', '/MobileReport/SupplierEvaluation', '1', '1', '202004241049414941180d4642', 40, 'fa fa-list-alt', '2', '', 'Y');
INSERT INTO `SysAction`(`Id`, `ActionName`, `ActionUrl`, `Locked`, `Jurisdiction`, `ParentID`, `Short`, `Icon`, `Crux`, `ShowMenu`, `Mobile`) VALUES ('202007100915371537fd366ee8', '客反品质分析', '/MobileReport/CustomerQuality', '1', '1', '202004241049414941180d4642', 30, 'fa fa-bar-chart', '2', '', 'Y');
INSERT INTO `SysAction`(`Id`, `ActionName`, `ActionUrl`, `Locked`, `Jurisdiction`, `ParentID`, `Short`, `Icon`, `Crux`, `ShowMenu`, `Mobile`) VALUES ('202007100913561356a8853635', '财务利润报表', '/MobileReport/FinancialProfit', '1', '1', '202004241049414941180d4642', 20, 'fa fa-money', '2', '', 'Y');
