﻿INSERT INTO `sysautoview`(`ActionID`, `AutoViewName`, `DBTable`, `DBTableTree`, `DBTableKey`, `TreeViewID`, `TableUrl`, `TreeUrl`, `EditUrl`, `DeleteUrl`, `Page`, `DefaultToolbar`, `Height`, `Width`, `Loading`, `TotalRow`, `Limit`, `Limits`, `InitSort`, `TextEmpty`, `Multi`, `CreateUser`, `CreateDate`, `DataBase`, `MultipleTables`) VALUES ('202009011745334533a0d3d2e0', '导入模板', 'SysExcleImport', '', 'EimportId', '', 'AutoSmartData', 'AutoSmartData', 'AutoSmartData', 'AutoSmartData', 'true', 'filter,print,exports', 'full-2', '', 'true', 'false', '', '', '', '', '', '87b7d687-4e11-48a3-a0bf-15b53a196cb1', '2020-09-01 00:00:00', 0, 'true');
INSERT INTO `sysautoview`(`ActionID`, `AutoViewName`, `DBTable`, `DBTableTree`, `DBTableKey`, `TreeViewID`, `TableUrl`, `TreeUrl`, `EditUrl`, `DeleteUrl`, `Page`, `DefaultToolbar`, `Height`, `Width`, `Loading`, `TotalRow`, `Limit`, `Limits`, `InitSort`, `TextEmpty`, `Multi`, `CreateUser`, `CreateDate`, `DataBase`, `MultipleTables`) VALUES ('20200901174635463508280294', '导入模板列', 'SysExcleImportCol', '', 'EimportColId', '', 'AutoSmartData', 'AutoSmartData', 'AutoSmartData', 'AutoSmartData', 'true', 'filter,print,exports', 'full-2', '', 'true', 'false', '', '', '', '', '', '87b7d687-4e11-48a3-a0bf-15b53a196cb1', '2020-09-01 00:00:00', 0, 'false');
INSERT INTO `systoolbar`(`ToolBarID`, `ActionID`, `ToolBarName`, `ToolType`, `Sort`, `Event`, `Class`) VALUES ('2020090117471147113cff216e', '202009011745334533a0d3d2e0', '新', 'ToolBar', 10, 'add', 'layui-btn layui-btn-sm');
INSERT INTO `systoolbar`(`ToolBarID`, `ActionID`, `ToolBarName`, `ToolType`, `Sort`, `Event`, `Class`) VALUES ('2020090117471247120c6e2ecc', '202009011745334533a0d3d2e0', '改', 'Tool', 20, 'edit', 'layui-btn layui-btn-danger layui-btn-sm');
INSERT INTO `systoolbar`(`ToolBarID`, `ActionID`, `ToolBarName`, `ToolType`, `Sort`, `Event`, `Class`) VALUES ('20200901174712471223f6982e', '202009011745334533a0d3d2e0', '查', 'ToolBar', 0, 'serach', 'layui-btn layui-btn-sm');
INSERT INTO `systoolbar`(`ToolBarID`, `ActionID`, `ToolBarName`, `ToolType`, `Sort`, `Event`, `Class`) VALUES ('202009011747124712248f7f42', '202009011745334533a0d3d2e0', '批量删', 'ToolBar', 20, 'delArray', 'layui-btn layui-btn-danger layui-btn-sm');
INSERT INTO `systoolbar`(`ToolBarID`, `ActionID`, `ToolBarName`, `ToolType`, `Sort`, `Event`, `Class`) VALUES ('202009011747124712df956bc7', '202009011745334533a0d3d2e0', '删', 'Tool', 10, 'del', 'layui-btn layui-btn-danger layui-btn-sm');
INSERT INTO `systoolbar`(`ToolBarID`, `ActionID`, `ToolBarName`, `ToolType`, `Sort`, `Event`, `Class`) VALUES ('20200901174713471324fc2869', '20200901174635463508280294', '查', 'ToolBar', 0, 'serach', 'layui-btn layui-btn-sm');
INSERT INTO `systoolbar`(`ToolBarID`, `ActionID`, `ToolBarName`, `ToolType`, `Sort`, `Event`, `Class`) VALUES ('2020090117471347134857213c', '20200901174635463508280294', '删', 'Tool', 10, 'del', 'layui-btn layui-btn-danger layui-btn-sm');
INSERT INTO `systoolbar`(`ToolBarID`, `ActionID`, `ToolBarName`, `ToolType`, `Sort`, `Event`, `Class`) VALUES ('202009011747134713596bae33', '20200901174635463508280294', '新', 'ToolBar', 10, 'add', 'layui-btn layui-btn-sm');
INSERT INTO `systoolbar`(`ToolBarID`, `ActionID`, `ToolBarName`, `ToolType`, `Sort`, `Event`, `Class`) VALUES ('20200901174713471369c52bcd', '20200901174635463508280294', '批量删', 'ToolBar', 20, 'delArray', 'layui-btn layui-btn-danger layui-btn-sm');
INSERT INTO `systoolbar`(`ToolBarID`, `ActionID`, `ToolBarName`, `ToolType`, `Sort`, `Event`, `Class`) VALUES ('202009011747134713fa7b6d9d', '20200901174635463508280294', '改', 'Tool', 20, 'edit', 'layui-btn layui-btn-danger layui-btn-sm');
INSERT INTO `systoolbar`(`ToolBarID`, `ActionID`, `ToolBarName`, `ToolType`, `Sort`, `Event`, `Class`) VALUES ('202009031650165016ca3e7aad', '202009011745334533a0d3d2e0', '生成模板', 'ToolBar', 0, 'Generate', 'layui-btn layui-btn-danger layui-btn-sm');
INSERT INTO `systoolbarfunction`(`ToolBarID`, `Function`, `CreateDate`, `CreateUser`) VALUES ('2020090117471147113cff216e', 'layer.open({       title: \'    \',       type: 1,       shift: 1,       resize:false,   offset: \'r\',area: [document.body.offsetWidth > 700 ? \'600px\' : \'100%\', \'100%\'],        zIndex: 900,        content: $(\'#form_edit\'),        cancel: function (index, layero) {                    $(\':reset\').click();                    $(\'#form_edit\').css(\'display\', \'none\'); }});', '2020-09-01 17:47:12', '87b7d687-4e11-48a3-a0bf-15b53a196cb1');
INSERT INTO `systoolbarfunction`(`ToolBarID`, `Function`, `CreateDate`, `CreateUser`) VALUES ('2020090117471247120c6e2ecc', 'edit(obj.data);', '2020-09-01 17:47:13', '87b7d687-4e11-48a3-a0bf-15b53a196cb1');
INSERT INTO `systoolbarfunction`(`ToolBarID`, `Function`, `CreateDate`, `CreateUser`) VALUES ('20200901174712471223f6982e', 'dynamicCondition.getInstance(\'complexInstance-json\').open();', '2020-09-01 17:47:12', '87b7d687-4e11-48a3-a0bf-15b53a196cb1');
INSERT INTO `systoolbarfunction`(`ToolBarID`, `Function`, `CreateDate`, `CreateUser`) VALUES ('202009011747124712248f7f42', 'delData(checkStatus,true);', '2020-09-01 17:47:12', '87b7d687-4e11-48a3-a0bf-15b53a196cb1');
INSERT INTO `systoolbarfunction`(`ToolBarID`, `Function`, `CreateDate`, `CreateUser`) VALUES ('202009011747124712df956bc7', 'delData(obj.data);', '2020-09-01 17:47:13', '87b7d687-4e11-48a3-a0bf-15b53a196cb1');
INSERT INTO `systoolbarfunction`(`ToolBarID`, `Function`, `CreateDate`, `CreateUser`) VALUES ('20200901174713471324fc2869', 'dynamicCondition.getInstance(\'complexInstance-json\').open();', '2020-09-01 17:47:13', '87b7d687-4e11-48a3-a0bf-15b53a196cb1');
INSERT INTO `systoolbarfunction`(`ToolBarID`, `Function`, `CreateDate`, `CreateUser`) VALUES ('2020090117471347134857213c', 'delData(obj.data);', '2020-09-01 17:47:14', '87b7d687-4e11-48a3-a0bf-15b53a196cb1');
INSERT INTO `systoolbarfunction`(`ToolBarID`, `Function`, `CreateDate`, `CreateUser`) VALUES ('202009011747134713596bae33', 'layer.open({       title: \'    \',       type: 1,       shift: 1,       resize:false,   offset: \'r\',area: [document.body.offsetWidth > 700 ? \'600px\' : \'100%\', \'100%\'],        zIndex: 900,        content: $(\'#form_edit\'),        cancel: function (index, layero) {                    $(\':reset\').click();                    $(\'#form_edit\').css(\'display\', \'none\'); }});', '2020-09-01 17:47:13', '87b7d687-4e11-48a3-a0bf-15b53a196cb1');
INSERT INTO `systoolbarfunction`(`ToolBarID`, `Function`, `CreateDate`, `CreateUser`) VALUES ('20200901174713471369c52bcd', 'delData(checkStatus,true);', '2020-09-01 17:47:13', '87b7d687-4e11-48a3-a0bf-15b53a196cb1');
INSERT INTO `systoolbarfunction`(`ToolBarID`, `Function`, `CreateDate`, `CreateUser`) VALUES ('202009011747134713fa7b6d9d', 'edit(obj.data);', '2020-09-01 17:47:14', '87b7d687-4e11-48a3-a0bf-15b53a196cb1');
INSERT INTO `systoolbarfunction`(`ToolBarID`, `Function`, `CreateDate`, `CreateUser`) VALUES ('202009031650165016ca3e7aad', 'var index = layer.msg(\'正在请求执行.....\', { shade: 0.3, time: 0, anim: 1, zIndex: 999999, icon: 16});\r\n$.post(\"/FileApi/GetExcleTemps\",{tempID:JSON.stringify(checkStatus)},function(data){\r\nlayer.close(index);\r\n ShowResult(data);\r\n},\"json\");', '2020-09-03 00:00:00', '87b7d687-4e11-48a3-a0bf-15b53a196cb1');
INSERT INTO `sysviewcolunms`(`ViewColunmId`, `ActionID`, `Field`, `Title`, `Width`, `MinWidth`, `Sorting`, `ColType`, `Fixed`, `Hide`, `Sort`, `Unresize`, `TotalRow`, `Edit`, `ReadOnly`, `Event`, `Style`, `IsQuery`, `EditType`, `Required`, `Align`, `Templet`, `TempFormat`, `DefaultVal`) VALUES ('00e10e4b-e66c-4040-af3a-70059efc1aa6', '20200901174635463508280294', 'ForceTemp', '强制选取', '', '120', 55, 'normal', '', 'false', 'false', 'false', 'false', 'false', 2, '', '', 'false', 'select', '', '', '753cad76-4152-4698-81b2-351ec77ad8f91', '', '');
INSERT INTO `sysviewcolunms`(`ViewColunmId`, `ActionID`, `Field`, `Title`, `Width`, `MinWidth`, `Sorting`, `ColType`, `Fixed`, `Hide`, `Sort`, `Unresize`, `TotalRow`, `Edit`, `ReadOnly`, `Event`, `Style`, `IsQuery`, `EditType`, `Required`, `Align`, `Templet`, `TempFormat`, `DefaultVal`) VALUES ('0b1740d2-3728-4306-a2a3-8a0e37a3777e', '20200901174635463508280294', 'Name', '标题', '', '60', 30, 'normal', '', 'false', 'false', 'false', 'false', 'false', 2, '', '', 'false', 'text', '', '', '', '', '');
INSERT INTO `sysviewcolunms`(`ViewColunmId`, `ActionID`, `Field`, `Title`, `Width`, `MinWidth`, `Sorting`, `ColType`, `Fixed`, `Hide`, `Sort`, `Unresize`, `TotalRow`, `Edit`, `ReadOnly`, `Event`, `Style`, `IsQuery`, `EditType`, `Required`, `Align`, `Templet`, `TempFormat`, `DefaultVal`) VALUES ('149ed7a2-943d-46c4-8091-4e458735dc36', '202009011745334533a0d3d2e0', 'CreateDate', '创建时间', '', '120', 60, 'normal', '', 'false', 'false', 'false', 'false', 'false', 2, '', '', 'false', 'text', '', '', '', '', '');
INSERT INTO `sysviewcolunms`(`ViewColunmId`, `ActionID`, `Field`, `Title`, `Width`, `MinWidth`, `Sorting`, `ColType`, `Fixed`, `Hide`, `Sort`, `Unresize`, `TotalRow`, `Edit`, `ReadOnly`, `Event`, `Style`, `IsQuery`, `EditType`, `Required`, `Align`, `Templet`, `TempFormat`, `DefaultVal`) VALUES ('1706305c-2ee2-496f-bc97-35e6e5953d4e', '20200901174635463508280294', 'Field', '列名', '', '60', 40, 'normal', '', 'false', 'false', 'false', 'false', 'false', 2, '', '', 'false', 'text', '', '', '', '', '');
INSERT INTO `sysviewcolunms`(`ViewColunmId`, `ActionID`, `Field`, `Title`, `Width`, `MinWidth`, `Sorting`, `ColType`, `Fixed`, `Hide`, `Sort`, `Unresize`, `TotalRow`, `Edit`, `ReadOnly`, `Event`, `Style`, `IsQuery`, `EditType`, `Required`, `Align`, `Templet`, `TempFormat`, `DefaultVal`) VALUES ('1c6cfa94-03c2-44c6-82cb-bc12c9d822a9', '202009011745334533a0d3d2e0', 'Name', '模板名称', '', '120', 20, 'normal', '', 'false', 'false', 'false', 'false', 'false', 2, '', '', 'false', 'text', '', '', '', '', '');
INSERT INTO `sysviewcolunms`(`ViewColunmId`, `ActionID`, `Field`, `Title`, `Width`, `MinWidth`, `Sorting`, `ColType`, `Fixed`, `Hide`, `Sort`, `Unresize`, `TotalRow`, `Edit`, `ReadOnly`, `Event`, `Style`, `IsQuery`, `EditType`, `Required`, `Align`, `Templet`, `TempFormat`, `DefaultVal`) VALUES ('20200903170140140e712ad4d', '202009011745334533a0d3d2e0', 'check', 'check', '', '', 0, 'checkbox', '', 'false', 'false', 'false', 'false', 'false', 4, '', '', 'false', 'text', '', '', '', '', '');
INSERT INTO `sysviewcolunms`(`ViewColunmId`, `ActionID`, `Field`, `Title`, `Width`, `MinWidth`, `Sorting`, `ColType`, `Fixed`, `Hide`, `Sort`, `Unresize`, `TotalRow`, `Edit`, `ReadOnly`, `Event`, `Style`, `IsQuery`, `EditType`, `Required`, `Align`, `Templet`, `TempFormat`, `DefaultVal`) VALUES ('202009041020252025aa4f71c0', '202009011745334533a0d3d2e0', '下载', '文件下载', '', '120', 97, 'normal', '', 'false', 'false', 'false', 'false', 'false', 4, '', '', 'false', 'text', '', '', '', 'return \'<a taget=\"\" href=\"/FileApi/GetManagerFile?TempFile={0}\">下载</a>\'.format(row.TempFile)', '');
INSERT INTO `sysviewcolunms`(`ViewColunmId`, `ActionID`, `Field`, `Title`, `Width`, `MinWidth`, `Sorting`, `ColType`, `Fixed`, `Hide`, `Sort`, `Unresize`, `TotalRow`, `Edit`, `ReadOnly`, `Event`, `Style`, `IsQuery`, `EditType`, `Required`, `Align`, `Templet`, `TempFormat`, `DefaultVal`) VALUES ('53d12630-0bcc-45f5-bdd3-ea1c55d9fa38', '202009011745334533a0d3d2e0', 'ApiUri', '数据接口', '', '120', 40, 'normal', '', 'false', 'false', 'false', 'false', 'false', 2, '', '', 'false', 'text', '', '', '', '', '');
INSERT INTO `sysviewcolunms`(`ViewColunmId`, `ActionID`, `Field`, `Title`, `Width`, `MinWidth`, `Sorting`, `ColType`, `Fixed`, `Hide`, `Sort`, `Unresize`, `TotalRow`, `Edit`, `ReadOnly`, `Event`, `Style`, `IsQuery`, `EditType`, `Required`, `Align`, `Templet`, `TempFormat`, `DefaultVal`) VALUES ('7462ce76-5bf1-489a-8f2c-8f4e33860a32', '202009011745334533a0d3d2e0', 'Type', '模板类型', '', '120', 30, 'normal', '', 'false', 'false', 'false', 'false', 'false', 2, '', '', 'false', 'text', '', '', '', '', '');
INSERT INTO `sysviewcolunms`(`ViewColunmId`, `ActionID`, `Field`, `Title`, `Width`, `MinWidth`, `Sorting`, `ColType`, `Fixed`, `Hide`, `Sort`, `Unresize`, `TotalRow`, `Edit`, `ReadOnly`, `Event`, `Style`, `IsQuery`, `EditType`, `Required`, `Align`, `Templet`, `TempFormat`, `DefaultVal`) VALUES ('881d972e-ce27-47cc-9793-507e6091cbd0', '202009011745334533a0d3d2e0', 'EimportId', '导入模板编号', NULL, '180', 10, 'normal', NULL, 'false', 'false', 'false', 'false', 'false', 2, NULL, NULL, 'false', 'text', NULL, NULL, NULL, NULL, NULL);
INSERT INTO `sysviewcolunms`(`ViewColunmId`, `ActionID`, `Field`, `Title`, `Width`, `MinWidth`, `Sorting`, `ColType`, `Fixed`, `Hide`, `Sort`, `Unresize`, `TotalRow`, `Edit`, `ReadOnly`, `Event`, `Style`, `IsQuery`, `EditType`, `Required`, `Align`, `Templet`, `TempFormat`, `DefaultVal`) VALUES ('8d68b401-c814-4075-8b6e-f9b0c6bf74d7', '202009011745334533a0d3d2e0', 'CreateUser', '创建人', '', '90', 50, 'normal', '', 'false', 'false', 'false', 'false', 'false', 2, '', '', 'false', 'text', '', '', '', '', '');
INSERT INTO `sysviewcolunms`(`ViewColunmId`, `ActionID`, `Field`, `Title`, `Width`, `MinWidth`, `Sorting`, `ColType`, `Fixed`, `Hide`, `Sort`, `Unresize`, `TotalRow`, `Edit`, `ReadOnly`, `Event`, `Style`, `IsQuery`, `EditType`, `Required`, `Align`, `Templet`, `TempFormat`, `DefaultVal`) VALUES ('a81ce983-816b-4ec0-bd40-81a534c09397', '20200901174635463508280294', 'EimportColId', '列编号', '', '180', 10, 'normal', '', 'false', 'false', 'false', 'false', 'false', 2, '', '', 'false', 'text', '', '', '', '', '');
INSERT INTO `sysviewcolunms`(`ViewColunmId`, `ActionID`, `Field`, `Title`, `Width`, `MinWidth`, `Sorting`, `ColType`, `Fixed`, `Hide`, `Sort`, `Unresize`, `TotalRow`, `Edit`, `ReadOnly`, `Event`, `Style`, `IsQuery`, `EditType`, `Required`, `Align`, `Templet`, `TempFormat`, `DefaultVal`) VALUES ('b006c42f-8945-4015-ad7f-4ed566b52be5', '20200901174635463508280294', 'CreateDate', '创建时间', '', '120', 70, 'normal', '', 'false', 'false', 'false', 'false', 'false', 2, '', '', 'false', 'text', '', '', '', '', '');
INSERT INTO `sysviewcolunms`(`ViewColunmId`, `ActionID`, `Field`, `Title`, `Width`, `MinWidth`, `Sorting`, `ColType`, `Fixed`, `Hide`, `Sort`, `Unresize`, `TotalRow`, `Edit`, `ReadOnly`, `Event`, `Style`, `IsQuery`, `EditType`, `Required`, `Align`, `Templet`, `TempFormat`, `DefaultVal`) VALUES ('b2fc3fb5-5970-4f42-b379-5cc3fc8c6ba9', '20200901174635463508280294', 'CreateUser', '创建人', '', '90', 60, 'normal', '', 'false', 'false', 'false', 'false', 'false', 3, '', '', 'false', 'select', '', '', '99b771c2-e8db-44c8-a599-530f3e1d970F', '', '');
INSERT INTO `sysviewcolunms`(`ViewColunmId`, `ActionID`, `Field`, `Title`, `Width`, `MinWidth`, `Sorting`, `ColType`, `Fixed`, `Hide`, `Sort`, `Unresize`, `TotalRow`, `Edit`, `ReadOnly`, `Event`, `Style`, `IsQuery`, `EditType`, `Required`, `Align`, `Templet`, `TempFormat`, `DefaultVal`) VALUES ('c6fc740b-30d9-48c6-9106-1699ade172c4', '20200901174635463508280294', 'TempId', '数据模板', '', '120', 50, 'normal', '', 'false', 'false', 'false', 'false', 'false', 2, '', '', 'false', 'select', '', '', '753cad76-4152-4698-81b2-351ec77ad8T90', '', '');
INSERT INTO `sysviewcolunms`(`ViewColunmId`, `ActionID`, `Field`, `Title`, `Width`, `MinWidth`, `Sorting`, `ColType`, `Fixed`, `Hide`, `Sort`, `Unresize`, `TotalRow`, `Edit`, `ReadOnly`, `Event`, `Style`, `IsQuery`, `EditType`, `Required`, `Align`, `Templet`, `TempFormat`, `DefaultVal`) VALUES ('ca2df072-5f23-44d2-ac99-30e696f64913', '202009011745334533a0d3d2e0', 'TempFile', '模板文件', '', '120', 45, 'normal', '', 'false', 'false', 'false', 'false', 'false', 2, '', '', 'false', 'text', '', '', '', '', '');
INSERT INTO `sysviewcolunms`(`ViewColunmId`, `ActionID`, `Field`, `Title`, `Width`, `MinWidth`, `Sorting`, `ColType`, `Fixed`, `Hide`, `Sort`, `Unresize`, `TotalRow`, `Edit`, `ReadOnly`, `Event`, `Style`, `IsQuery`, `EditType`, `Required`, `Align`, `Templet`, `TempFormat`, `DefaultVal`) VALUES ('edc34e51-8b94-4ff8-a1d7-5a6a759147d1', '202009011745334533a0d3d2e0', 'State', '状态', '', '60', 70, 'normal', '', 'false', 'false', 'false', 'false', 'false', 2, '', '', 'false', 'select', '', '', '753cad76-4152-4698-81b2-351ec77ad8f10', '', '');
INSERT INTO `sysviewcolunms`(`ViewColunmId`, `ActionID`, `Field`, `Title`, `Width`, `MinWidth`, `Sorting`, `ColType`, `Fixed`, `Hide`, `Sort`, `Unresize`, `TotalRow`, `Edit`, `ReadOnly`, `Event`, `Style`, `IsQuery`, `EditType`, `Required`, `Align`, `Templet`, `TempFormat`, `DefaultVal`) VALUES ('f23ba719-045e-43fe-b07e-e5b61b3d629b', '20200901174635463508280294', 'DefaultVal', '测试数据', '', '120', 45, 'normal', '', 'false', 'false', 'false', 'false', 'false', 2, '', '', 'false', 'text', '', '', '', '', '');
INSERT INTO `sysviewcolunms`(`ViewColunmId`, `ActionID`, `Field`, `Title`, `Width`, `MinWidth`, `Sorting`, `ColType`, `Fixed`, `Hide`, `Sort`, `Unresize`, `TotalRow`, `Edit`, `ReadOnly`, `Event`, `Style`, `IsQuery`, `EditType`, `Required`, `Align`, `Templet`, `TempFormat`, `DefaultVal`) VALUES ('f2bdf724-1750-41e0-925a-a57e8ce7b5b6', '20200901174635463508280294', 'EimportId', '导入模板编号', '', '180', 20, 'normal', '', 'false', 'false', 'false', 'false', 'false', 2, '', '', 'false', 'select', '', '', '20200902155931593118a76074', '', '');
INSERT INTO `SysAction`(`Id`, `ActionName`, `ActionUrl`, `Locked`, `Jurisdiction`, `ParentID`, `Short`, `Icon`, `Crux`, `ShowMenu`, `Mobile`) VALUES ('202008240937423742debcc054', '渐变工具', '/Other/Gradients', '1', '1', '2019102123491449148208241e', 50, '', '2', '', '');
INSERT INTO `SysAction`(`Id`, `ActionName`, `ActionUrl`, `Locked`, `Jurisdiction`, `ParentID`, `Short`, `Icon`, `Crux`, `ShowMenu`, `Mobile`) VALUES ('2020090117500750773559bbd', '数据导入模板', '/AutoView/MultipleTables?actionId=202009011745334533a0d3d2e0', '1', '1', '202009011750475047dd5c81cf', 10, '', '2', '', '');
INSERT INTO `SysAction`(`Id`, `ActionName`, `ActionUrl`, `Locked`, `Jurisdiction`, `ParentID`, `Short`, `Icon`, `Crux`, `ShowMenu`, `Mobile`) VALUES ('202009011750475047dd5c81cf', '数据导入', '', '1', '2', '13e68c6d-cc6a-4947-ada2-e91776c06f11', 60, '', '2', '', '');
INSERT INTO `SysAction`(`Id`, `ActionName`, `ActionUrl`, `Locked`, `Jurisdiction`, `ParentID`, `Short`, `Icon`, `Crux`, `ShowMenu`, `Mobile`) VALUES ('2020090117524352431da36920', '导入模板列', '/AutoView/Index?actionId=20200901174635463508280294', '1', '1', '202009011750475047dd5c81cf', 20, '', '2', '', '');
INSERT INTO `SysAction`(`Id`, `ActionName`, `ActionUrl`, `Locked`, `Jurisdiction`, `ParentID`, `Short`, `Icon`, `Crux`, `ShowMenu`, `Mobile`) VALUES ('2020090316012612657384380', '数据导入', '/SystemTool/ExcleImport', '1', '1', '202009011750475047dd5c81cf', 30, '', '1', '', '');





d